item_id,x,y,cluster
89868,0.5175271,-0.46542266,Grupo 2
325170,0.06726134,0.065975636,Grupo 6
112994,0.31524503,0.024797924,Grupo 3
137386,0.3483324,-0.0850563,Grupo 4
454560,-0.82348174,0.14173572,Grupo 6
272392,-0.74929094,0.6597264,Grupo 5
201656,0.47347116,0.10295752,Grupo 4
273367,-0.6708253,-0.10750675,Grupo 6
210893,-0.3683213,0.5366038,Grupo 5
12879,0.17373145,-0.39331844,Grupo 6
82001,0.52599907,-0.66142106,Grupo 2
346004,0.5640595,-0.43612576,Grupo 4
57593,-0.86736655,0.08601308,Grupo 6
41722,0.73581886,0.2722178,Grupo 4
222848,-0.2928331,-0.5062376,Grupo 6
91206,-0.9738044,0.13645567,Grupo 5
359935,0.7515719,-0.10832302,Grupo 4
89438,-1.2505224,-0.26210958,Grupo 1
66111,0.31702495,-0.06660468,Grupo 3
251000,0.91357493,0.20316163,Grupo 4
456233,0.17740703,0.07391557,Grupo 6
108224,0.3625028,-0.13103637,Grupo 3
38180,-0.7384011,0.29683307,Grupo 5
295253,0.42324305,0.034898117,Grupo 3
104289,0.6470828,0.041224636,Grupo 4
350533,-0.3224808,-0.10925276,Grupo 6
150482,-0.49065006,0.642336,Grupo 6
239147,0.49361348,-0.13051169,Grupo 2
143309,0.13540304,-0.35609448,Grupo 3
308905,0.43164873,-0.155669,Grupo 4
377407,-0.72555876,0.18059988,Grupo 5
283770,-0.53148603,0.17177574,Grupo 5
373788,0.2412126,0.1911332,Grupo 3
404985,-0.3090434,0.31840688,Grupo 3
56968,0.57658315,-0.43408936,Grupo 4
23884,0.5664358,0.067271516,Grupo 4
172259,0.5982728,-0.33549508,Grupo 4
89392,-0.7110512,0.23948455,Grupo 5
103085,0.5181978,0.08278249,Grupo 4
280773,0.7076199,-0.011893157,Grupo 4
189300,-0.21922123,-0.549966,Grupo 1
186385,-0.1469419,0.6424155,Grupo 3
75043,0.23773432,-0.5884001,Grupo 3
93085,0.07227087,-0.2947923,Grupo 6
133093,0.7676542,-0.28321636,Grupo 4
218913,0.5437207,0.23410943,Grupo 2
288986,0.7557719,-0.143332,Grupo 4
176338,-0.28460765,-0.10679547,Grupo 6
112654,0.37849474,-0.20788613,Grupo 3
341862,0.30366242,0.34832814,Grupo 3
92004,-0.22811878,-0.12682179,Grupo 6
339087,-0.6909609,0.28357986,Grupo 5
335366,-0.3257364,0.08591552,Grupo 6
353142,-0.3665862,0.036835566,Grupo 6
313448,-0.98656297,0.27456862,Grupo 5
411664,0.89352703,0.02460578,Grupo 4
64790,-0.44041955,0.29285458,Grupo 5
395664,0.27962053,-0.05974086,Grupo 3
196691,0.5967982,0.41386276,Grupo 2
200324,0.5048299,-0.29112118,Grupo 2
250235,-1.2092966,-0.9279957,Grupo 1
50467,-0.42367792,0.18077938,Grupo 5
394747,-0.33534873,-0.5388304,Grupo 6
140076,-0.18337452,0.26947898,Grupo 2
107109,-0.51974344,0.6851522,Grupo 6
298797,0.8249197,-0.30730274,Grupo 4
391395,0.47346282,0.10475448,Grupo 2
82060,-0.30400014,0.25533405,Grupo 6
152148,0.40685725,-0.23049268,Grupo 4
186260,-1.20981,-0.7916844,Grupo 1
172722,0.5522282,0.21534488,Grupo 4
309915,0.16229379,0.22499225,Grupo 3
176862,-0.98208255,0.27766296,Grupo 5
128723,-0.42308116,-0.33049124,Grupo 1
218509,-0.13440335,-1.2682383,Grupo 1
47619,0.3582821,0.67550576,Grupo 3
74758,-0.6097288,-0.02156543,Grupo 6
399267,0.6341977,-0.235584,Grupo 4
111566,0.707973,-0.20041534,Grupo 4
337975,-0.96494865,0.06375046,Grupo 5
240401,0.7695124,0.21538869,Grupo 4
75666,0.6080313,0.03202597,Grupo 4
237090,-0.3627981,-0.30126172,Grupo 6
307806,0.57631207,0.15630692,Grupo 2
230191,0.5881772,0.4773787,Grupo 4
311432,0.59808946,-0.3068013,Grupo 4
260599,0.76598,0.26146907,Grupo 2
404864,-0.8756001,-0.27493837,Grupo 6
52927,0.69855523,0.48625967,Grupo 2
146979,0.059473395,-0.29085386,Grupo 3
443102,0.51801443,0.25026423,Grupo 4
397491,0.52150893,-0.39132285,Grupo 2
11028,0.32899106,-0.23252277,Grupo 4
59811,-0.661682,0.54581046,Grupo 5
448981,-0.36871958,0.22763991,Grupo 5
218559,0.29499865,0.57046306,Grupo 3
178498,-0.9935324,-0.04652687,Grupo 5
251911,-0.08704543,0.61308503,Grupo 6
207280,0.23223436,0.41994753,Grupo 3
458152,-0.38100314,0.29410818,Grupo 3
63548,0.33369887,-0.21055073,Grupo 4
173593,0.38341713,-0.08039611,Grupo 2
225011,0.8845978,0.076061755,Grupo 4
189404,0.46188974,0.18095957,Grupo 2
118113,0.48641872,0.41811863,Grupo 3
393419,-1.2605886,0.18380967,Grupo 5
75141,-0.29872513,0.5280448,Grupo 2
281992,0.52608776,0.13316403,Grupo 4
92078,-1.040446,-0.023548495,Grupo 6
304027,-0.57425356,1.0023261,Grupo 5
155003,0.53355145,-0.30835658,Grupo 4
7890,0.8505645,-0.165958,Grupo 4
335353,0.75596786,0.17822787,Grupo 2
223905,-0.45499718,-0.5733967,Grupo 1
308779,-0.6962682,-0.063875616,Grupo 6
421979,-0.45540166,0.23539731,Grupo 5
44105,-0.058976173,-0.69068253,Grupo 3
403423,-0.1659652,-0.47091594,Grupo 6
84764,0.10735023,-0.3336154,Grupo 6
125819,-0.50455296,0.43042138,Grupo 5
198400,-1.3741765,-1.0949537,Grupo 1
79717,0.8578298,-0.15492028,Grupo 4
237987,0.7234111,0.2727901,Grupo 2
443652,-0.16486204,0.07445128,Grupo 6
75025,0.34892988,0.38939965,Grupo 4
189156,-0.14016092,0.062320337,Grupo 6
276778,0.56822824,-0.11017214,Grupo 4
177721,0.33055866,0.2232703,Grupo 3
441576,0.5797472,-0.27189082,Grupo 4
364117,-0.4758916,-0.2791739,Grupo 1
166861,0.24419749,-0.1305297,Grupo 4
213109,-0.74220115,-0.07122791,Grupo 6
256351,0.48147607,-0.22255675,Grupo 3
209184,-0.808811,0.07277821,Grupo 6
238752,0.34880686,-0.12510967,Grupo 2
111301,0.6625035,-0.36763012,Grupo 4
124721,-0.31378818,0.5220047,Grupo 6
325812,0.39263248,0.2989964,Grupo 3
160318,-0.33730102,0.09338029,Grupo 6
447110,0.733732,0.22918078,Grupo 4
104734,0.6201191,0.58287776,Grupo 3
167162,-1.077996,0.22987968,Grupo 5
273358,-0.93897253,0.8065568,Grupo 5
274364,-0.16118419,-0.75963175,Grupo 6
463382,0.51628685,-0.47967848,Grupo 4
84243,0.5122111,-0.10508965,Grupo 4
45707,-0.45721865,0.1472046,Grupo 5
62290,-0.33585763,-0.5052139,Grupo 6
315287,0.2738402,0.32634723,Grupo 2
298868,-1.855276,0.73060966,Grupo 5
95241,-0.15850115,0.22533178,Grupo 3
259007,-0.078733444,0.05667404,Grupo 6
6543,-0.049601555,0.40120056,Grupo 2
363205,0.099175334,0.5059724,Grupo 3
81800,0.5379505,-0.275207,Grupo 3
218295,0.12699306,0.29881084,Grupo 6
458365,-0.5151907,0.33638668,Grupo 5
372641,-0.40653098,-0.43896112,Grupo 6
238892,-0.37331104,-0.24596043,Grupo 1
275331,0.09331524,0.33321396,Grupo 6
127009,0.18159115,-0.7924423,Grupo 2
193409,-1.2311372,-0.921937,Grupo 1
95255,-0.2010225,0.2962552,Grupo 6
454380,0.050758004,0.5223514,Grupo 3
212034,-0.401888,0.6679802,Grupo 5
134376,0.30643094,-0.19497219,Grupo 3
166050,-1.5200677,0.6930692,Grupo 5
212015,0.43747878,0.3133275,Grupo 3
134167,0.48825145,0.3544552,Grupo 4
391484,-1.6096251,0.30656406,Grupo 5
316680,0.6641834,0.17888862,Grupo 4
346143,0.4420755,-0.19277114,Grupo 4
350743,-0.41861618,0.21618077,Grupo 5
283067,0.13515997,-0.06383532,Grupo 2
445903,-0.30462217,-0.16359797,Grupo 2
329609,0.051995635,-0.26541334,Grupo 3
106856,0.4834683,0.070091754,Grupo 3
26396,-0.24134254,0.15726349,Grupo 3
346935,0.29446423,-0.12355471,Grupo 3
451675,0.4431491,0.29731166,Grupo 2
375779,0.09176791,0.72908187,Grupo 2
356067,-0.8760017,-0.3712681,Grupo 6
391760,-0.013514519,-0.6353494,Grupo 6
238970,0.08236158,-0.089372866,Grupo 6
220688,-0.26408637,-0.38755217,Grupo 3
267897,-0.34121382,0.1231357,Grupo 6
186565,0.3934474,-0.055205077,Grupo 4
391976,-0.33996916,-0.0055892095,Grupo 6
115218,0.56281805,0.4997432,Grupo 4
350993,0.13587725,-0.041649222,Grupo 6
265425,0.52322173,0.18047856,Grupo 4
410355,-0.39565313,0.24285653,Grupo 6
234116,-0.06389296,-0.10408815,Grupo 6
61220,-0.29912138,-0.7135521,Grupo 1
213593,-1.189816,-1.1007671,Grupo 1
375669,-0.3333012,0.058791652,Grupo 6
7029,-0.640501,-0.53758705,Grupo 1
8611,-0.88347405,-0.030020956,Grupo 5
394754,-0.7084445,-0.787498,Grupo 1
206561,0.11244464,0.38088042,Grupo 3
154192,0.31162798,0.12896,Grupo 2
59192,0.39406395,-0.25790215,Grupo 4
149979,-0.45865846,0.06587042,Grupo 6
427507,-0.47997832,0.10921919,Grupo 5
66674,0.7375963,-0.10052262,Grupo 4
202370,-0.05041349,0.9197216,Grupo 3
384585,-0.1323626,-0.5708538,Grupo 1
362414,-0.6209644,-0.09348913,Grupo 6
97076,0.1883173,0.4377198,Grupo 3
240830,1.0214732,-0.28775227,Grupo 4
26032,-0.85914296,-0.8059131,Grupo 1
286620,-0.2634946,-0.18631618,Grupo 6
106447,-0.89064324,0.67408776,Grupo 5
463487,-0.6289089,0.2491337,Grupo 5
180101,0.49374843,0.4195915,Grupo 4
87966,0.33498967,-0.10529636,Grupo 3
67068,0.46525884,-0.06328199,Grupo 3
10890,-0.2876445,-0.87278163,Grupo 1
307932,-0.710002,1.202144,Grupo 5
198906,-1.0131121,0.107301116,Grupo 5
289100,-0.24487936,-0.10592923,Grupo 6
315666,0.35838223,0.067980945,Grupo 2
463969,-0.5268043,-0.24958922,Grupo 6
239181,0.4431231,0.32957423,Grupo 3
121108,0.6868615,0.36947718,Grupo 2
276512,-0.143296,0.26785284,Grupo 3
309351,-0.91200423,-0.9310217,Grupo 1
406413,-1.0383108,0.72775793,Grupo 5
112538,-0.242437,-0.92706454,Grupo 1
76403,-0.03682387,-0.00020297617,Grupo 6
161230,0.28708076,-0.07303109,Grupo 3
421862,0.071068645,0.62524235,Grupo 6
138552,0.43003345,0.396605,Grupo 3
148557,-0.72550625,0.4608468,Grupo 5
109298,0.54917264,0.19812125,Grupo 2
321410,-0.049032927,0.213898,Grupo 6
295629,-0.40266728,0.3842129,Grupo 5
412420,-0.4357611,-0.52120066,Grupo 1
235173,0.354573,-0.46432686,Grupo 3
44753,-0.11498189,-0.04899522,Grupo 6
464205,-0.28140545,-0.48872083,Grupo 1
168768,-0.23798335,-0.40149298,Grupo 1
259676,0.49717546,0.06457578,Grupo 3
317274,-0.45581472,-0.8050473,Grupo 1
441269,0.6073704,0.43693885,Grupo 2
70648,0.4847598,-0.071468994,Grupo 2
363505,0.00023937225,0.6294458,Grupo 6
326693,-0.5047275,0.4635804,Grupo 5
59509,0.44381976,-0.025251329,Grupo 4
192353,-0.16584468,0.36563772,Grupo 2
423841,0.48330736,-0.3852093,Grupo 3
22013,0.1903913,-0.1551376,Grupo 3
378676,-0.95103365,-0.14982976,Grupo 6
206006,0.582973,-0.31694782,Grupo 4
394376,0.6061585,0.2341831,Grupo 4
128567,-0.7217187,-0.5210268,Grupo 1
13855,-1.6283468,0.6416404,Grupo 5
357973,0.5366683,0.6367253,Grupo 3
159995,0.22771132,0.35671532,Grupo 3
419573,-0.42488778,0.31891283,Grupo 5
55925,-1.6453968,0.18804273,Grupo 5
116841,0.09607577,0.12267098,Grupo 6
181673,-1.5019711,-1.3641742,Grupo 1
115567,-0.77818495,0.14065447,Grupo 5
334765,-0.052898526,-0.6564796,Grupo 3
247548,0.11718142,0.5324881,Grupo 3
430905,0.037540317,0.2759652,Grupo 3
86511,0.39907527,0.11776495,Grupo 2
34749,-0.013716102,0.02638425,Grupo 2
26987,1.001859,0.36506075,Grupo 2
129960,-1.7851403,0.33101225,Grupo 5
234280,0.8735454,0.19812831,Grupo 4
377028,-0.052395105,0.44917443,Grupo 2
143372,0.71557,0.16351125,Grupo 2
335252,0.3443303,-0.31592906,Grupo 3
412337,-0.31917036,0.10520081,Grupo 3
306429,0.5612905,-0.58494353,Grupo 4
45849,-0.32800412,-0.45736063,Grupo 3
95551,0.19902647,0.39001164,Grupo 3
204999,-0.2816943,0.20294389,Grupo 2
13669,0.66249347,-0.3009592,Grupo 4
161510,0.48897696,-0.049058393,Grupo 4
444920,-0.37098873,-0.18820897,Grupo 6
140272,0.5548508,-0.038860418,Grupo 4
391096,0.78022027,0.14146094,Grupo 4
379771,0.53868055,0.19745159,Grupo 4
351476,-0.2886008,0.29112667,Grupo 5
214085,0.033111215,-0.43158564,Grupo 3
77161,-0.04962349,0.17378132,Grupo 2
338561,-0.44844174,-0.059106357,Grupo 1
100393,-1.1153057,-0.44618335,Grupo 1
410086,0.05995071,-0.15876338,Grupo 6
211231,0.31385672,-0.30351257,Grupo 3
182009,0.6543753,0.118620604,Grupo 4
180994,-0.14038575,0.17102186,Grupo 3
243964,-0.37199926,0.28421053,Grupo 5
423911,-0.58601105,-0.82978153,Grupo 1
164034,-0.75615084,0.571406,Grupo 6
264685,0.27801287,-0.02637441,Grupo 4
211772,0.21049225,0.18778011,Grupo 6
215129,-0.20300245,0.15944116,Grupo 6
307274,0.24291122,0.32962117,Grupo 2
212578,-0.32501817,-0.46046218,Grupo 3
79949,0.6999159,0.15461387,Grupo 4
433759,0.09235394,-0.3520599,Grupo 6
63312,-1.0289015,-0.37301502,Grupo 1
133505,-0.11202049,0.5397649,Grupo 6
269314,0.4853394,0.2193149,Grupo 2
52425,0.88975286,-0.35972294,Grupo 4
57019,0.6660602,0.18537658,Grupo 4
148184,-0.22104228,0.22928715,Grupo 5
178702,0.33840132,-0.23977992,Grupo 2
130971,-0.4084382,-0.3499627,Grupo 6
182483,0.076158404,0.4226816,Grupo 3
187362,0.017715573,-0.1054769,Grupo 3
147406,-0.030974984,-0.08361576,Grupo 3
183033,0.13427734,-0.26071417,Grupo 3
391737,-0.52635586,0.09258573,Grupo 5
340899,0.33843565,-0.11087583,Grupo 4
310908,0.36647916,0.08259535,Grupo 4
155245,-0.260849,-0.28307015,Grupo 1
226075,0.4763739,0.035670914,Grupo 4
29726,0.48616648,-0.6780565,Grupo 4
31199,-1.2691593,0.10120106,Grupo 5
221987,-0.6620567,-0.7278516,Grupo 1
307530,0.40467858,-0.21820828,Grupo 4
53837,-0.14765263,0.22689888,Grupo 3
440866,-0.23447526,-0.37219316,Grupo 6
432066,-0.009958267,-0.06184019,Grupo 2
57413,0.80969405,-0.21008377,Grupo 4
252414,0.598686,0.0052672625,Grupo 3
379911,-1.4226112,0.17841816,Grupo 5
270880,0.73762965,-0.080343686,Grupo 4
190420,0.21725631,-0.49723333,Grupo 3
349643,0.57783055,-0.32095298,Grupo 4
313806,0.025035381,0.14237091,Grupo 6
14428,-0.7319142,-0.35630834,Grupo 6
76848,-0.65189564,-0.6087271,Grupo 6
53420,0.4928577,-0.43140024,Grupo 2
277211,-0.869538,-0.30778983,Grupo 6
43389,-0.4621235,-0.46209475,Grupo 6
405567,0.9420812,-0.24596767,Grupo 4
352371,0.5088291,0.14480704,Grupo 3
375445,-0.14789665,0.31320825,Grupo 3
77739,0.15199769,-0.38454643,Grupo 2
280296,0.45449424,-0.20730047,Grupo 4
447898,0.581373,0.23082435,Grupo 4
352258,-1.4237409,0.29678333,Grupo 5
324824,-0.8303149,0.32202178,Grupo 5
129116,-0.77101946,-0.0052732453,Grupo 5
347461,-0.4642763,0.39129362,Grupo 6
183056,0.5174153,0.1591226,Grupo 4
19334,0.5167384,-0.2974969,Grupo 4
118681,-0.16684997,0.56648564,Grupo 3
268956,-0.4581542,0.30916032,Grupo 6
131794,-0.80370617,0.19247738,Grupo 5
143622,-0.67024916,0.017699093,Grupo 5
106055,0.4631188,0.28268117,Grupo 2
99802,-1.4212686,0.5564772,Grupo 5
191545,-0.034428477,0.15611216,Grupo 3
280731,0.34473753,-0.006776627,Grupo 2
429491,-0.14860487,-0.35996932,Grupo 6
3727,0.18802786,-0.40428644,Grupo 3
342492,0.57995844,-0.2110032,Grupo 4
31631,-0.17734408,0.28351793,Grupo 3
240393,0.98012686,0.18151866,Grupo 4
275956,0.60602784,0.50868094,Grupo 4
165486,0.34720516,0.49610922,Grupo 2
133250,0.16633773,0.2604591,Grupo 3
345797,0.41169405,-0.12307259,Grupo 2
420052,0.09588039,-0.17859076,Grupo 3
261963,0.090446234,0.07199311,Grupo 3
358697,0.45733118,-0.15987897,Grupo 2
49116,0.7885728,-0.278292,Grupo 4
224514,0.80693316,-0.05390019,Grupo 4
94275,-0.60740256,0.303843,Grupo 5
55120,-0.4077325,-0.0027027205,Grupo 6
66978,0.15849936,0.314284,Grupo 3
29940,-1.4459071,-0.20011611,Grupo 5
431803,0.46397352,0.17204517,Grupo 4
340858,0.55711246,-0.24121931,Grupo 2
417366,-0.093336344,0.06740247,Grupo 6
289667,-0.9806589,-0.36543003,Grupo 1
259141,-0.18054533,-0.14718881,Grupo 2
156734,0.80906796,-0.024156235,Grupo 4
339665,-0.9564025,0.10704684,Grupo 5
44613,0.3373072,0.39666384,Grupo 2
351815,0.30411816,0.015206158,Grupo 2
221550,-0.0005182028,-0.033356145,Grupo 6
412807,0.17449617,-0.71523345,Grupo 2
13825,-0.655965,-0.19530946,Grupo 5
369919,-0.7928565,-0.32306287,Grupo 5
371411,0.25407028,-0.89006436,Grupo 4
268038,0.8381369,0.29038742,Grupo 4
28861,0.039739847,0.463989,Grupo 2
439924,0.12598252,-0.23148987,Grupo 2
280970,-0.31649494,-0.35264343,Grupo 6
363878,0.5747094,0.37399074,Grupo 2
284188,0.40364265,-0.3282047,Grupo 2
137985,-0.74515194,0.26158696,Grupo 5
54171,0.7980058,0.1947678,Grupo 4
38259,0.65738416,-0.6791742,Grupo 4
38470,-0.69194937,0.24220106,Grupo 5
452895,0.80206156,-0.16134425,Grupo 4
299044,-1.0008519,0.7869841,Grupo 5
167918,-0.40235007,-0.32263693,Grupo 6
370268,-1.1276435,-0.8917475,Grupo 1
62529,-0.26332152,-0.0975029,Grupo 6
191994,-0.3061887,0.075102106,Grupo 6
70789,-1.0132549,0.22017252,Grupo 5
223465,-0.94954133,-0.24065395,Grupo 5
359981,-0.11079228,0.21070734,Grupo 2
463751,-0.9909847,0.16731805,Grupo 5
257289,-0.14728785,0.4903027,Grupo 3
397114,0.82065463,0.005974889,Grupo 4
293309,0.5874176,-0.46010464,Grupo 4
169966,0.68288565,-0.74374676,Grupo 4
222012,-0.15655625,0.48498335,Grupo 3
409308,0.59610224,-0.02465567,Grupo 2
304281,-1.0080997,0.07865693,Grupo 5
337724,0.36880016,0.42178673,Grupo 2
453411,-0.2605523,0.06777428,Grupo 3
401081,0.4847803,0.115529925,Grupo 2
410362,-0.028323889,0.20164558,Grupo 2
248113,0.41147017,0.33854288,Grupo 3
196536,-0.5128689,0.011886731,Grupo 6
39559,0.46204305,0.4637212,Grupo 2
39140,0.8838074,0.014212288,Grupo 4
317640,0.3508973,0.00060462207,Grupo 3
290242,-0.20731652,-0.41212636,Grupo 6
206649,0.26804757,-0.4860572,Grupo 4
325601,-0.38073254,0.39276594,Grupo 6
353782,0.91596675,-0.2680871,Grupo 4
299894,0.457767,-0.5696558,Grupo 4
381063,-0.1894145,-0.67298007,Grupo 1
363754,-0.6331643,0.3503124,Grupo 5
70796,-0.21763754,0.03570257,Grupo 3
342364,0.041064262,-0.013205368,Grupo 6
328358,-0.0070052147,0.09448111,Grupo 3
388045,0.68532205,0.2932073,Grupo 3
127317,1.0558946,-0.2688964,Grupo 4
237666,0.24095595,0.41221553,Grupo 2
64942,0.8457432,0.30517572,Grupo 2
131034,-0.28333187,0.13773116,Grupo 3
376026,-0.334669,-0.078598075,Grupo 6
20192,0.29163527,-0.23214214,Grupo 4
459040,0.27133608,0.52429247,Grupo 6
425296,-0.46693754,-0.6702131,Grupo 1
152284,0.36098194,0.045468748,Grupo 3
26668,0.6915505,-0.4907593,Grupo 4
61298,-1.3137374,-0.007215757,Grupo 5
459354,-0.8776092,0.5396745,Grupo 5
254420,-0.1749692,-0.21573459,Grupo 6
377762,0.6558943,0.14757459,Grupo 2
299158,0.11571276,0.5168774,Grupo 2
63496,-0.44496405,0.5732267,Grupo 5
99003,-0.38217902,0.362164,Grupo 6
187351,-0.659299,0.13510603,Grupo 5
185882,0.21511316,0.37481302,Grupo 2
92320,0.8887458,0.15340354,Grupo 4
280778,0.8071401,0.058675483,Grupo 4
430901,0.13359654,0.32342303,Grupo 2
197862,-0.6103425,-0.19144823,Grupo 1
126989,-0.75200444,0.17495786,Grupo 5
334908,0.20641243,-0.1616993,Grupo 4
399433,0.6446068,0.12541896,Grupo 4
23374,0.9673948,-0.20011103,Grupo 4
89156,0.36260915,-0.27891836,Grupo 4
303470,0.5659325,-0.50783587,Grupo 4
79804,-0.5144129,-0.46196875,Grupo 1
27332,0.5999334,0.056873232,Grupo 4
385560,0.71493673,0.061251253,Grupo 4
281428,0.14481485,-0.18770942,Grupo 4
203792,-0.25883627,-0.5685036,Grupo 1
463331,-0.9458066,-0.016395025,Grupo 5
292454,0.5769284,-0.088643424,Grupo 4
362046,0.028435469,-0.0495087,Grupo 3
418691,-1.0954541,-0.9734044,Grupo 1
134799,-0.6100099,0.22812709,Grupo 5
5248,0.86401653,0.14809185,Grupo 4
300832,0.37338972,-0.13740146,Grupo 4
264715,-1.0187874,0.468222,Grupo 5
100004,-0.3187815,0.41659412,Grupo 3
45410,0.16706145,0.094143435,Grupo 3
172181,0.5485542,-0.22513618,Grupo 2
391387,-0.25557005,-0.38760537,Grupo 6
373472,0.009858966,-0.45919293,Grupo 3
248153,0.84115386,7.8089535e-05,Grupo 4
72196,-0.2653787,-0.017151278,Grupo 3
362495,-0.18146038,-1.2729907,Grupo 6
432976,0.50599265,0.45504716,Grupo 3
277156,0.3490653,0.012378104,Grupo 2
208458,-0.5357683,-0.38502243,Grupo 6
203750,-1.016902,0.5264752,Grupo 5
254523,-0.24119806,0.30328587,Grupo 2
106402,-0.026383996,0.50635195,Grupo 2
417621,-0.4087596,0.48900464,Grupo 6
431417,0.25124276,0.52828383,Grupo 3
105942,-0.4027542,0.45643327,Grupo 3
228526,0.77595973,-0.24462235,Grupo 2
318975,0.9156885,0.32515433,Grupo 4
150875,-1.2778153,-1.3239435,Grupo 1
249643,0.2310462,0.09133008,Grupo 2
187618,-0.5629442,-0.47927183,Grupo 1
317551,0.5922251,0.039276406,Grupo 4
33451,0.34939027,0.20219448,Grupo 3
243120,0.5914657,-0.032087505,Grupo 3
124864,0.63883257,-0.28250468,Grupo 3
217617,0.072393894,0.3913073,Grupo 6
205128,-0.06168604,-0.24123374,Grupo 3
111875,0.0826633,-0.66362345,Grupo 1
79530,-0.94790167,0.19541416,Grupo 5
225802,-0.36446333,0.25189862,Grupo 6
345171,-1.3091617,-0.40710256,Grupo 1
201968,0.46588445,0.1331377,Grupo 4
310212,0.0804708,0.2444408,Grupo 3
440799,0.19557786,0.51197827,Grupo 3
386607,-1.2818393,0.4167163,Grupo 5
294956,-1.4021426,-1.0076549,Grupo 1
273434,-0.0594728,-0.378353,Grupo 1
59050,-0.87110496,0.48042837,Grupo 5
432010,-0.25590217,-0.09048638,Grupo 2
27096,0.6276171,-0.2755878,Grupo 4
357780,-0.7913262,-0.51076937,Grupo 1
352932,-0.4824307,-0.6145141,Grupo 6
228824,0.7993872,0.16705875,Grupo 4
19583,-0.27154517,-0.6421045,Grupo 6
335463,0.7237303,-0.2526739,Grupo 4
90517,0.30640948,-0.124952525,Grupo 3
267037,-0.21778059,-0.8083087,Grupo 1
333467,0.007142067,-0.13475856,Grupo 2
158220,0.7948327,0.18505767,Grupo 4
360907,0.6341777,0.100419775,Grupo 4
318295,0.29964352,0.10691814,Grupo 2
109498,-0.8754904,-0.05365808,Grupo 5
451589,-0.3072095,-0.31158358,Grupo 2
339032,-0.691363,-0.8347173,Grupo 6
300607,-1.4152873,-0.11087546,Grupo 5
125171,0.52603245,0.1441786,Grupo 4
60989,0.38396573,-0.3076362,Grupo 4
189334,0.60377145,-0.31763357,Grupo 4
387241,0.4842832,0.114179686,Grupo 4
160723,0.0670619,0.6959529,Grupo 2
344157,0.29683733,-0.2817303,Grupo 2
337480,-1.1993755,0.66107595,Grupo 5
447714,0.74211454,-0.017492887,Grupo 4
451099,-0.20435286,-0.43163854,Grupo 6
354365,-1.4054801,-1.470635,Grupo 1
255132,-0.5010524,0.6416725,Grupo 5
407529,-0.7041722,0.4041576,Grupo 5
54973,0.39413428,-0.4815216,Grupo 4
403498,0.43046594,0.22207999,Grupo 2
407703,0.059049606,-0.04859916,Grupo 6
40560,0.91807437,0.37157455,Grupo 4
129140,-0.8156328,-0.09448247,Grupo 5
179088,0.40706205,0.24033836,Grupo 3
99172,-0.9976173,0.6553055,Grupo 5
113831,0.7956915,-0.5036882,Grupo 2
150616,-0.19000685,-0.13418283,Grupo 3
329414,0.4863515,0.83872664,Grupo 3
187090,0.49957156,-0.5156559,Grupo 4
39708,-0.028740644,-0.37150955,Grupo 3
229114,0.15041149,-0.7894087,Grupo 2
139706,-0.8142017,0.27175328,Grupo 5
83659,-0.04509318,-0.23068532,Grupo 6
226540,0.6834862,-0.23568268,Grupo 4
255415,0.38228416,-0.2911684,Grupo 2
153135,-1.5279144,0.15394574,Grupo 5
442511,-1.402702,-0.82194805,Grupo 1
307087,0.9257028,-0.046024434,Grupo 4
220317,0.7396333,-0.20384431,Grupo 4
125318,-1.5477895,-0.200543,Grupo 5
68418,-0.1796974,-0.18027952,Grupo 3
456595,-0.20738673,-0.12546848,Grupo 6
128950,-0.62343967,-0.43586946,Grupo 6
238739,-0.91556305,0.18676716,Grupo 5
42793,0.23230898,-0.1288629,Grupo 6
254029,-0.24479806,-0.48269376,Grupo 1
44242,0.8692982,0.18486279,Grupo 4
264397,0.022142649,0.11684242,Grupo 3
63846,-0.73237354,0.545915,Grupo 5
44299,0.194237,-0.3374929,Grupo 3
192204,0.89593315,0.05962102,Grupo 4
270711,0.96095705,-0.10867172,Grupo 4
418005,0.018314958,0.13255033,Grupo 2
37730,-0.5033417,0.16399962,Grupo 5
154925,-0.49538422,0.5501286,Grupo 5
259114,-0.08589625,-0.313165,Grupo 6
394536,-0.8053006,-0.061456066,Grupo 6
67575,-1.0810026,0.8039752,Grupo 5
231416,-0.98396283,-0.28352115,Grupo 5
272069,-1.3252114,-0.7295935,Grupo 1
391380,0.4336915,-0.106678426,Grupo 2
303261,-0.3017378,-0.05370554,Grupo 2
266263,-0.23167503,-0.47481117,Grupo 6
183191,-0.59744906,0.27884158,Grupo 5
14525,0.64010334,-0.432037,Grupo 4
234985,-0.6537801,0.0017901883,Grupo 1
433213,-0.64621544,-0.50557405,Grupo 1
407122,0.26910543,-0.38102794,Grupo 3
39187,-0.2903694,-0.2949897,Grupo 1
115818,0.10326195,-0.65644777,Grupo 6
7954,0.74168396,-0.17396924,Grupo 4
332728,0.39293718,0.43374428,Grupo 2
108419,-0.42464805,0.46264055,Grupo 6
249554,0.54677796,0.04865364,Grupo 4
227472,-0.43395698,0.27486023,Grupo 6
54393,0.5004461,-0.14601487,Grupo 4
261642,0.13950825,-0.8713316,Grupo 6
373225,-0.8214299,0.29063457,Grupo 5
88429,-0.059815884,-0.5575297,Grupo 1
419352,0.017338991,0.031615697,Grupo 3
225538,0.44210434,0.36131942,Grupo 4
321770,0.08607352,-0.46974346,Grupo 2
176465,-0.006620288,0.65478396,Grupo 3
91268,-0.23372197,-0.8992815,Grupo 6
460920,0.38677526,0.13662663,Grupo 3
5143,-1.0975194,0.25957358,Grupo 5
34574,0.35317683,0.3983187,Grupo 4
245557,0.9853823,0.039677866,Grupo 4
244526,0.25339115,-0.41507518,Grupo 6
432691,0.06650519,0.08539516,Grupo 3
218957,-0.0327878,-0.3205054,Grupo 2
290747,0.45450664,-0.0948019,Grupo 2
426291,0.3036319,-0.098791756,Grupo 3
351687,-0.01907444,0.29034266,Grupo 3
116177,0.039931417,-0.50849193,Grupo 6
460990,-0.38554358,-0.03864323,Grupo 3
121295,-0.41175413,0.14922266,Grupo 6
285473,-0.51874316,0.58528686,Grupo 5
333110,0.89144444,-0.1464858,Grupo 4
217532,-0.073764324,0.07706788,Grupo 3
67473,0.78529215,0.108311445,Grupo 4
286949,0.733711,0.5623652,Grupo 4
422425,-1.1538149,0.17928693,Grupo 6
379442,0.3079549,-0.052924633,Grupo 4
147613,-0.6728733,0.36122024,Grupo 5
227420,-0.29722476,-0.2606091,Grupo 6
327150,-1.5954846,0.27156606,Grupo 5
102763,-0.81940705,0.7813165,Grupo 5
212995,-1.2929001,-0.5196717,Grupo 1
378929,0.79248834,0.038257137,Grupo 4
109018,-1.0346086,0.17361845,Grupo 5
246221,-0.46990514,0.6836647,Grupo 5
202148,0.5669372,-0.5772935,Grupo 4
86824,-1.0867689,0.49377033,Grupo 5
376741,0.4840064,0.61412954,Grupo 3
419874,-0.5296898,0.43023992,Grupo 5
370197,0.14527464,-0.54093516,Grupo 3
441953,-2.2513404,0.3967527,Grupo 5
157196,0.468534,0.49548438,Grupo 3
422529,0.67105126,-0.2284707,Grupo 2
110918,-0.1589688,0.29917467,Grupo 2
5719,0.64980197,0.118132174,Grupo 4
38709,0.12674081,0.70883954,Grupo 3
385985,-0.52634966,-0.5203385,Grupo 1
377972,-0.14453721,0.24194509,Grupo 6
246305,-0.70189244,0.3203019,Grupo 6
344462,0.47353053,0.13080318,Grupo 4
396177,-0.57700014,0.22293726,Grupo 6
269001,0.63891435,-0.1805604,Grupo 4
128815,0.78785706,0.3254373,Grupo 2
175339,-0.9076073,0.39492095,Grupo 5
338544,-0.036124587,0.17656705,Grupo 3
83689,0.6002028,-0.43518308,Grupo 4
7579,-0.62281716,0.6340357,Grupo 5
302195,0.031104088,-0.20929387,Grupo 2
158659,0.38515496,0.28940478,Grupo 2
458051,-0.10596943,-0.41954687,Grupo 1
217203,-0.35179555,0.3243345,Grupo 6
288074,-0.9101048,1.0284021,Grupo 5
296579,-0.52862084,0.39821842,Grupo 5
456912,-0.6712502,-0.084231354,Grupo 6
320409,-0.43792546,-0.92946064,Grupo 6
233008,-1.2280407,0.64978254,Grupo 5
244857,0.648232,0.5166544,Grupo 4
410928,-0.28905547,0.29727918,Grupo 3
428405,0.47181535,0.2780383,Grupo 4
11311,-0.8376629,0.2658631,Grupo 6
228050,-0.39327288,-1.13696,Grupo 1
190450,0.65911293,-0.20440845,Grupo 4
53785,-0.06762302,-0.28491655,Grupo 2
144331,0.20284486,0.39584324,Grupo 2
28789,-0.33165407,-0.40717778,Grupo 6
293821,0.043308735,-0.53867763,Grupo 3
428017,-0.010784864,0.05454518,Grupo 2
280985,0.22915483,-0.8895266,Grupo 6
24842,0.523988,0.12744603,Grupo 2
126851,0.32380533,-0.104408965,Grupo 2
92199,0.9132037,-0.3601658,Grupo 4
51997,0.7801769,0.18371472,Grupo 4
144066,0.35860348,-0.6622304,Grupo 2
369485,-1.052587,0.012398213,Grupo 5
303042,0.30577528,-0.4958423,Grupo 2
135645,0.66633964,0.35053816,Grupo 4
49960,0.9107299,0.5027646,Grupo 4
327276,-0.21063769,-0.6896759,Grupo 1
408230,0.25201297,0.627972,Grupo 3
133593,0.6757755,-0.08165457,Grupo 4
388059,0.22566497,-0.32406887,Grupo 3
202259,0.33857512,-0.2242069,Grupo 2
400673,-0.6144675,-0.12517728,Grupo 5
450191,0.4441998,-0.44899625,Grupo 3
115107,-0.8295384,0.40701237,Grupo 5
132042,-0.13237846,0.3940082,Grupo 2
110297,0.04850018,-0.1395943,Grupo 2
438554,-0.91450477,0.6807518,Grupo 5
344898,0.20408654,0.2775879,Grupo 3
91121,-1.1421161,0.15311305,Grupo 5
63536,-0.605845,-1.1573778,Grupo 1
431781,-0.885297,0.706818,Grupo 5
171308,0.95581365,-0.250906,Grupo 4
422386,0.2810353,-0.4321463,Grupo 4
130058,0.8438015,-0.333065,Grupo 4
3880,0.62625074,0.030828685,Grupo 4
359607,0.063301206,0.51040924,Grupo 3
272153,0.26271057,0.3346209,Grupo 3
248605,-0.9846003,-0.4573562,Grupo 1
127973,0.120872855,-0.31379935,Grupo 2
332600,0.9381385,-0.6751864,Grupo 4
301351,-0.36703622,0.03722225,Grupo 5
28596,-0.7731098,0.18561423,Grupo 6
424911,0.66630197,0.3176818,Grupo 2
158551,0.20841575,0.05765851,Grupo 3
444456,-0.6654912,0.4416586,Grupo 5
303809,0.5127957,0.17000048,Grupo 4
383548,-0.24935973,0.62726593,Grupo 6
263083,0.4791143,0.46231303,Grupo 3
305569,0.3721063,-0.08760089,Grupo 3
51439,0.5079634,0.4623342,Grupo 2
7704,0.51582575,-0.29258332,Grupo 4
107172,0.22420824,0.05965884,Grupo 6
140472,0.5736685,0.3610022,Grupo 3
51969,-2.05795,0.3100955,Grupo 5
466384,0.37706637,0.13648985,Grupo 2
158767,-0.34941542,0.12878948,Grupo 6
458780,0.6606138,-0.29085872,Grupo 4
18949,-0.4939518,-0.8616854,Grupo 1
406836,0.5045016,-0.350549,Grupo 4
320964,-0.038918495,0.14389698,Grupo 2
99132,0.7073288,-0.26848373,Grupo 4
395611,0.3543067,0.37212574,Grupo 4
6924,-0.9672252,-0.37475657,Grupo 1
395133,0.99848294,-0.20716436,Grupo 2
50128,-0.2762369,0.40117657,Grupo 5
240428,0.52544165,0.4079379,Grupo 4
7811,0.069458246,-0.13211389,Grupo 3
130765,-0.000106692314,-0.058910854,Grupo 2
383195,-0.15536165,-0.1130903,Grupo 6
35852,-0.3307562,0.2242952,Grupo 6
171805,0.70441985,-0.042183153,Grupo 2
346394,-0.6121627,0.1903412,Grupo 5
290195,-0.73202133,0.26256037,Grupo 5
120412,0.3952539,0.23595744,Grupo 4
196538,0.20553231,0.24157196,Grupo 4
257731,0.4477284,-0.032517876,Grupo 3
452565,-0.54668665,-0.65963554,Grupo 1
354796,0.19549751,-0.29740137,Grupo 3
344770,-0.058217287,0.27257603,Grupo 2
223054,-0.50910854,0.13859807,Grupo 5
93961,-0.25333333,0.5717704,Grupo 3
296762,0.7486322,-0.14181335,Grupo 4
149946,-0.3669746,-0.13214657,Grupo 2
351508,0.8185532,0.64020634,Grupo 3
194467,-0.56688416,-0.058250446,Grupo 6
151514,0.3161372,-0.093082465,Grupo 4
448355,0.88203025,-0.14692232,Grupo 4
453146,0.88000774,0.103890434,Grupo 4
137408,0.7717757,0.50413585,Grupo 2
15507,0.32972264,0.09136431,Grupo 2
202268,-1.1367102,0.38398066,Grupo 5
257534,-0.68901557,0.20349044,Grupo 6
158283,0.19733119,0.38215736,Grupo 3
30698,-0.41190612,0.16687275,Grupo 6
64276,0.48094678,0.036739647,Grupo 2
279197,0.1884495,-0.05779175,Grupo 6
430223,-0.34077263,0.18976521,Grupo 6
278534,0.56356215,-0.21384093,Grupo 3
79215,0.4056096,0.20995584,Grupo 4
64658,-0.111020565,-0.064405344,Grupo 6
236514,0.12632573,-0.059374653,Grupo 2
292339,0.87828565,0.33809525,Grupo 4
32934,-0.8986847,0.24481565,Grupo 5
63174,0.5985291,-0.16831058,Grupo 3
145432,0.24601305,0.3743855,Grupo 3
20305,-1.036905,-0.2414793,Grupo 1
234304,0.05795479,0.38240317,Grupo 3
50855,0.021063447,-0.5324203,Grupo 6
198872,0.638911,-0.54679376,Grupo 4
158313,0.53390265,0.09460282,Grupo 3
151986,-0.51581526,0.47186545,Grupo 5
160862,-1.0297807,0.28811195,Grupo 5
253725,0.82823396,0.53557014,Grupo 4
374281,0.020611167,-0.43751785,Grupo 6
352193,-0.16759956,0.4017672,Grupo 2
109154,0.78090143,-0.152079,Grupo 4
261378,0.91906905,0.4589819,Grupo 4
127668,0.8486955,-0.2675979,Grupo 4
156653,1.0493069,0.12345868,Grupo 4
49578,0.3166932,0.14846662,Grupo 2
388003,0.65542364,-0.31525582,Grupo 2
96681,0.17710578,-0.35140383,Grupo 2
129174,0.26797628,0.10220666,Grupo 3
70653,0.6115527,-0.2989809,Grupo 4
68100,-0.73700017,-0.10755685,Grupo 6
381783,0.263036,-0.75080705,Grupo 4
243890,0.0035518408,0.43207344,Grupo 3
9877,-0.80308616,-0.66655684,Grupo 5
155222,0.10900414,0.38203034,Grupo 3
83662,0.083696604,-0.278552,Grupo 3
361956,-1.6737266,-1.6685143,Grupo 1
326765,-0.05717671,0.4302014,Grupo 3
270129,-0.78301966,0.0062004477,Grupo 5
69057,-0.9158435,0.45925376,Grupo 5
124752,0.61131144,-0.2837481,Grupo 4
403476,0.109387636,-0.5679389,Grupo 3
154198,-0.62317765,0.08661164,Grupo 5
234036,-0.3523842,0.15698765,Grupo 3
418393,0.37535238,-0.45315343,Grupo 4
221451,0.23463225,-0.18031326,Grupo 3
294267,-1.2272582,0.21681532,Grupo 5
82268,-0.45705986,-0.54176617,Grupo 1
105132,-0.36854708,0.03941281,Grupo 3
133415,-1.2682757,0.11456016,Grupo 5
313279,-0.7656948,0.46517476,Grupo 5
79572,-1.6595644,-1.1279635,Grupo 1
74833,-1.1376474,0.26864436,Grupo 5
186775,0.45699763,-0.3052827,Grupo 4
156151,-0.07098341,0.29262665,Grupo 3
191793,0.6795738,-0.07363235,Grupo 2
84664,0.7128329,0.0103401765,Grupo 4
309892,-0.003757596,-0.02223628,Grupo 3
143459,0.4505124,-0.002551347,Grupo 4
181405,0.018274903,0.17013411,Grupo 2
176231,-1.1682849,0.28565708,Grupo 5
240655,-0.14696586,-0.68658674,Grupo 1
362369,0.8122997,-0.22377141,Grupo 4
168593,0.34260702,-0.024287011,Grupo 2
322119,-0.8512721,0.42144567,Grupo 5
433339,0.12911963,0.30322662,Grupo 3
411886,-1.4888434,-0.025164098,Grupo 5
308597,-0.14542973,-1.0583502,Grupo 1
278770,-0.015533924,0.24995756,Grupo 3
435960,0.1743536,0.043482132,Grupo 4
417785,-0.3511548,-0.37501416,Grupo 6
376729,-0.2805332,0.37614515,Grupo 6
186147,0.11766434,0.084444895,Grupo 3
49405,0.54169226,0.2281492,Grupo 4
245409,-0.19726479,-0.5889069,Grupo 6
436295,0.4144187,0.13780208,Grupo 3
344788,0.12007201,0.6204456,Grupo 3
324244,0.68549585,-0.1152889,Grupo 4
177994,0.8739886,0.345316,Grupo 2
330234,0.58180165,-0.23184788,Grupo 4
78497,0.24462628,0.49699166,Grupo 4
285064,0.34727788,-0.15381697,Grupo 3
128202,0.36367965,0.08411667,Grupo 3
273722,0.7892244,0.07209496,Grupo 4
398996,-0.2821188,0.18434355,Grupo 3
456856,0.41138577,0.32372814,Grupo 3
253983,0.38600945,0.03740771,Grupo 4
35540,-0.4227295,0.43369803,Grupo 5
107517,-0.6324332,0.032364026,Grupo 5
31883,0.35383558,0.08732626,Grupo 2
73311,-1.3586378,0.23167017,Grupo 5
13966,-0.8219365,0.50983477,Grupo 5
172561,0.57732534,0.11867428,Grupo 3
220342,0.42881632,0.17224489,Grupo 4
452124,0.14577019,-0.4593929,Grupo 2
376382,0.01102519,-0.10516144,Grupo 3
90818,0.52857566,0.36473548,Grupo 2
297791,-0.08468628,-0.11779162,Grupo 6
247886,0.3631897,-0.09154526,Grupo 2
121084,0.2676159,0.06304406,Grupo 2
331803,-0.4006425,-0.21927297,Grupo 6
147593,0.60234046,-0.48468453,Grupo 4
49031,-0.49071205,-0.033233892,Grupo 5
368025,-0.21186268,-0.16740009,Grupo 6
5476,-0.19014394,-0.28983682,Grupo 6
85306,-0.90992403,-0.2881136,Grupo 1
397712,0.54518986,-0.31396967,Grupo 4
47481,0.14238691,0.32293394,Grupo 3
331761,-0.063975215,0.0335079,Grupo 6
339176,0.53526807,0.37551343,Grupo 4
137411,0.65028906,-0.32739773,Grupo 4
383563,0.17310381,0.5257497,Grupo 2
134688,0.26343787,0.19167715,Grupo 2
254935,-0.0018373728,0.08098908,Grupo 2
138526,-0.3276857,0.32021153,Grupo 3
446940,-0.5013503,-0.05845418,Grupo 6
143464,-1.5546244,-0.3673339,Grupo 1
152658,0.714978,0.20828041,Grupo 2
188646,1.0938196,0.06737368,Grupo 4
405372,-0.25728524,-0.2886209,Grupo 6
103763,-0.9905799,0.15848377,Grupo 5
163907,-0.23959589,0.82377577,Grupo 6
16822,0.5636735,0.40781915,Grupo 3
236946,0.6664798,0.22094026,Grupo 2
435314,0.013015866,0.004200645,Grupo 3
313352,0.17317367,-0.30634755,Grupo 3
293526,0.19565403,-0.42745435,Grupo 3
335872,-1.4832435,0.8898885,Grupo 5
48608,0.5494783,0.0461293,Grupo 3
1454,0.20814574,0.36399785,Grupo 3
9894,-0.017429352,0.37487182,Grupo 6
264502,0.40108562,0.2699301,Grupo 6
289675,-0.36382914,0.05886306,Grupo 6
416102,-0.074082255,0.36560896,Grupo 2
132074,-0.5747336,0.47060904,Grupo 5
448566,-1.2261088,-0.72896945,Grupo 1
28923,0.5064323,0.29022714,Grupo 2
421993,-0.3461151,0.39795753,Grupo 3
373119,0.6076596,-0.14741108,Grupo 4
182943,-0.30149555,-0.104865566,Grupo 3
39616,0.3641758,0.2633862,Grupo 4
336359,-1.5905296,0.23391637,Grupo 5
207252,0.39703393,-0.029211506,Grupo 4
115256,0.57799816,-0.2307835,Grupo 4
56506,-0.48269987,0.0772132,Grupo 5
100850,0.7109549,0.14130227,Grupo 4
87543,0.6919489,-0.07312658,Grupo 4
400221,0.069660544,-0.30441403,Grupo 6
378926,-0.15180361,-0.21719846,Grupo 6
262668,0.6375625,0.18891898,Grupo 3
189793,0.71410584,-0.05563727,Grupo 2
135406,0.2006005,0.7154269,Grupo 3
13570,0.722317,-0.28437293,Grupo 4
119446,0.77593374,-0.24593611,Grupo 4
224949,0.56449866,-0.45467937,Grupo 4
313445,0.52450013,0.6092038,Grupo 3
272824,-0.3972658,-0.11666866,Grupo 6
79527,-0.004269004,0.23052397,Grupo 6
399949,0.3341745,-0.15287063,Grupo 4
393065,0.8364296,0.27230924,Grupo 2
230109,0.060272932,0.25314492,Grupo 2
341903,0.5822675,-0.36734807,Grupo 4
76600,-0.036011696,0.10062499,Grupo 6
409784,-1.2149109,0.38787788,Grupo 5
387799,-0.16396356,0.8545748,Grupo 3
135259,0.9603057,0.36324254,Grupo 2
112315,-0.89884686,-1.0794903,Grupo 1
38453,0.42280746,-0.09134692,Grupo 3
447987,0.68224573,0.27457783,Grupo 2
245017,-0.42725646,0.4865552,Grupo 5
423470,0.5450642,-0.109547645,Grupo 3
22869,-0.6650855,-0.7571136,Grupo 6
50751,0.6173949,0.29214638,Grupo 4
131629,-0.011274099,0.20433679,Grupo 3
435622,-0.31310284,0.21678382,Grupo 6
356449,0.06070459,-0.5088173,Grupo 4
150586,-0.58847356,0.09116273,Grupo 5
435082,0.09319794,-0.14660291,Grupo 2
281952,-0.4384892,-0.8033633,Grupo 1
335976,0.20280123,-0.04150295,Grupo 6
389914,0.77039146,0.2558386,Grupo 4
183027,0.09221482,0.24370676,Grupo 6
328422,-0.6141628,-0.3185527,Grupo 1
283284,-1.096647,0.37968513,Grupo 5
6819,-0.016364336,0.43062586,Grupo 2
344595,0.43999743,0.06873599,Grupo 4
314614,0.8061149,-0.07522651,Grupo 4
439359,0.42743397,-0.15659803,Grupo 4
88129,-0.96768546,0.19965136,Grupo 6
124579,0.91238,-0.012082398,Grupo 4
69967,0.7661195,-0.045592688,Grupo 4
152236,-1.0969614,0.8806695,Grupo 5
374129,-0.65411353,0.46793714,Grupo 5
239226,-0.35369205,-0.20525907,Grupo 6
254242,-0.52182996,-0.040456966,Grupo 5
11603,0.35389447,-0.40567896,Grupo 4
203440,-0.31117988,0.17884763,Grupo 6
207611,0.30235124,0.6823523,Grupo 2
377423,-0.49584794,-0.13955389,Grupo 6
301805,-0.28064752,-0.19385622,Grupo 6
126321,-0.11345005,-0.39060715,Grupo 6
161960,0.6061406,0.39215443,Grupo 3
76667,0.19804311,0.34052157,Grupo 3
299882,0.6414833,0.17055592,Grupo 4
437462,-0.66692364,0.62359154,Grupo 5
294287,-0.36295688,0.046672516,Grupo 6
199217,-0.8073489,-0.3979035,Grupo 6
255741,-0.022145033,-0.21139912,Grupo 6
53338,-0.0018951893,-0.14621764,Grupo 6
68048,-1.5668408,-0.5285822,Grupo 1
175435,0.7061541,-0.018670171,Grupo 2
84172,-0.32398534,0.3902277,Grupo 5
353140,0.23044693,0.5829233,Grupo 2
268335,-2.5197124,0.29938012,Grupo 5
67499,0.4578452,0.06869002,Grupo 3
321626,0.11546636,-0.3331433,Grupo 6
58503,-0.3592987,0.5521411,Grupo 5
277342,-0.0699079,-0.4297368,Grupo 6
303152,0.7958975,0.016879052,Grupo 4
436361,0.7885504,-0.086568534,Grupo 4
316060,0.7344837,0.0086221695,Grupo 4
105644,0.34948874,0.42366248,Grupo 3
408217,-0.015820622,0.39248025,Grupo 3
319942,-0.09330332,-0.15916914,Grupo 6
85163,0.45380974,0.22435072,Grupo 4
382277,0.2941767,0.27795932,Grupo 2
187055,0.39622688,-0.23795733,Grupo 2
297555,0.2051841,0.4183464,Grupo 2
169194,-0.63371646,-1.301981,Grupo 6
36630,0.63211465,0.018931858,Grupo 4
134979,0.54846716,-0.40070295,Grupo 4
460606,0.6321902,0.20048702,Grupo 4
316105,0.362283,-0.8047451,Grupo 4
9000,0.65340185,0.18984893,Grupo 2
328618,0.74710464,-0.28228435,Grupo 4
136095,-1.3141215,0.75626636,Grupo 5
95447,-0.77047354,-0.002936937,Grupo 5
63660,0.57832813,0.2485503,Grupo 4
357008,-0.6530622,0.15456523,Grupo 5
265310,0.06987977,0.24056661,Grupo 2
117997,-0.12923253,0.3114926,Grupo 2
464012,-0.0656873,-0.32916752,Grupo 6
225345,-0.3226781,-0.7056378,Grupo 6
188284,0.122368336,-0.7268317,Grupo 1
115267,-0.4870714,-0.39087823,Grupo 1
15698,0.23359525,0.629714,Grupo 6
444575,-0.70422846,-0.0005088523,Grupo 5
76350,-0.50042653,0.43397406,Grupo 2
285449,0.5924151,0.43486276,Grupo 4
398147,-0.88254136,-0.29732853,Grupo 1
453215,0.31057847,0.3445011,Grupo 2
41427,-1.1378558,0.24335805,Grupo 5
4625,0.7708485,0.282704,Grupo 2
34849,0.5294609,-0.053278692,Grupo 2
168461,0.15276182,0.050053775,Grupo 2
330992,-0.34329486,0.5045371,Grupo 6
57209,-0.023708105,0.1796328,Grupo 2
455447,0.84029055,-0.2856356,Grupo 4
240660,-0.8290883,-0.30005556,Grupo 1
383911,0.66060257,0.29208913,Grupo 2
411252,0.27923405,0.1136692,Grupo 3
282238,0.124949574,-0.04295153,Grupo 3
122473,-0.27821088,0.2466763,Grupo 2
221640,-0.3944775,0.34054217,Grupo 5
392671,0.70622706,0.063820586,Grupo 2
150498,-1.219835,-0.29083812,Grupo 1
255041,0.45185065,-0.053875595,Grupo 2
216657,0.78026056,0.2284449,Grupo 4
65259,0.49196863,-0.11794876,Grupo 2
106846,0.8439636,-0.32094452,Grupo 4
174812,0.69311476,0.45430413,Grupo 2
151100,0.24525261,-0.20455563,Grupo 2
234371,-0.67117906,-0.04025568,Grupo 6
386027,0.39287472,-0.49233884,Grupo 4
373212,0.2868538,-0.1966944,Grupo 2
177166,-1.133463,0.8282784,Grupo 5
258409,0.7201326,-0.46017972,Grupo 4
264094,0.044599175,0.49769518,Grupo 2
430695,0.6592729,0.13777503,Grupo 4
363240,0.6816275,-0.47506738,Grupo 4
202052,-0.6347132,-0.47392878,Grupo 6
8426,-0.4161439,0.13613594,Grupo 6
420459,0.67288566,-0.15838443,Grupo 2
368857,-0.43331409,0.42468187,Grupo 5
211270,0.8628411,-0.50101024,Grupo 4
320051,-0.13257337,0.53320515,Grupo 3
426751,-0.61040366,-0.32564613,Grupo 6
58362,-0.11712265,0.30395666,Grupo 3
133287,0.20154536,0.0946902,Grupo 3
46285,-0.44011438,-0.01898859,Grupo 3
358389,0.12449002,-0.9900609,Grupo 6
193126,0.5589547,-0.30396697,Grupo 4
23371,0.04793811,0.36599183,Grupo 2
352369,0.5263469,0.34637868,Grupo 2
274107,0.58761954,0.29517353,Grupo 2
463820,-0.11021745,0.45881703,Grupo 6
146071,0.2872089,0.30805427,Grupo 3
35316,0.3386612,-0.21463403,Grupo 2
213314,-0.33946574,-0.5844593,Grupo 6
46309,0.0042351484,0.02150467,Grupo 2
265046,0.58391714,-0.021018099,Grupo 4
328242,-0.7043582,-0.33166495,Grupo 6
154766,-0.054828167,0.54985774,Grupo 6
158050,-0.7176775,-0.4348028,Grupo 1
63873,-0.18400264,-0.3095745,Grupo 6
451746,-0.19783747,-0.66600156,Grupo 1
287975,0.33255017,0.10963461,Grupo 4
4372,0.03794062,-0.30528796,Grupo 2
62852,0.1902057,0.14317091,Grupo 3
386351,-0.31359768,-0.458463,Grupo 1
239850,0.18830085,-0.29534495,Grupo 2
56441,-0.5662719,-0.04176718,Grupo 6
195457,0.5423672,-0.10586625,Grupo 2
62165,0.23175168,-0.6361041,Grupo 4
217089,-0.4023981,0.093726054,Grupo 6
432304,0.6875951,0.32129756,Grupo 2
252083,0.6682055,-0.023234893,Grupo 2
268266,-0.4807415,-0.121575624,Grupo 5
69367,0.59499526,0.3945026,Grupo 4
231303,0.7478571,0.006557815,Grupo 4
428412,-0.53101754,0.16829376,Grupo 6
89833,0.17185378,0.09413394,Grupo 4
183501,0.18783522,-0.23744729,Grupo 3
326250,-0.21417785,0.49978533,Grupo 6
440782,0.082384825,0.23983866,Grupo 2
162340,-1.0845428,-0.8386824,Grupo 1
450340,0.80154324,-0.30511194,Grupo 4
91093,-1.0712546,-0.34473866,Grupo 1
237021,-1.8512897,-1.1236763,Grupo 1
48744,-0.7017654,-0.28962255,Grupo 1
67445,0.5026405,0.24652243,Grupo 4
264997,-0.07650685,0.32305208,Grupo 3
189509,0.32538903,0.33898965,Grupo 2
192387,0.3379519,0.04658687,Grupo 2
17034,-0.4064573,0.1518868,Grupo 6
4215,0.3757007,-0.30384862,Grupo 4
348942,-0.5857153,-0.26907352,Grupo 6
403660,-0.95080316,0.41810006,Grupo 5
244687,0.2074436,0.035236016,Grupo 3
196058,-1.7314342,0.6109245,Grupo 5
464513,0.8712051,0.39103675,Grupo 4
233328,0.23418665,0.4756275,Grupo 4
118519,0.094655514,-0.15571035,Grupo 6
99575,-0.38133752,-0.5111923,Grupo 1
190281,0.60109997,0.31028423,Grupo 4
120180,-0.3147143,0.24799469,Grupo 3
282445,0.6108928,-0.25983685,Grupo 4
175651,0.2247808,0.20303842,Grupo 2
250088,0.0010852814,0.24345493,Grupo 3
21010,0.172212,0.28787175,Grupo 3
305742,-0.13183534,-0.4603762,Grupo 6
445885,-0.29799438,-0.09154373,Grupo 3
368187,-1.1111526,-1.1999012,Grupo 1
381081,-1.4836047,0.43678245,Grupo 5
195397,0.4120834,-0.016898062,Grupo 2
358747,0.28396332,-0.34437352,Grupo 2
202699,-1.0255686,-0.07956374,Grupo 5
181417,-0.7247988,0.5878788,Grupo 5
290486,-0.30769944,0.6451069,Grupo 5
52062,0.5798762,0.4018904,Grupo 3
137428,0.62497616,0.30604067,Grupo 2
262167,0.7003474,0.33696172,Grupo 2
79381,-0.08822441,0.6921743,Grupo 6
212108,0.14870667,-0.49613088,Grupo 4
152907,0.6935854,-0.56517744,Grupo 2
440199,0.45146823,0.09475689,Grupo 4
151669,0.5568991,0.13759457,Grupo 4
220675,-0.30941188,-0.663622,Grupo 1
301682,-1.9475467,-0.06110615,Grupo 5
112594,-1.0033209,-0.58076656,Grupo 1
199280,0.8175905,-0.074484184,Grupo 4
353935,0.512522,-0.0020317733,Grupo 4
20542,-0.7079782,-0.09093714,Grupo 6
220846,0.5093007,0.47161397,Grupo 3
284175,0.2477603,-0.25259915,Grupo 3
232591,-0.12949014,0.38057825,Grupo 3
29946,0.18090367,-0.15078777,Grupo 2
349315,0.11361623,-0.14897332,Grupo 2
49608,-0.053239822,-0.27481335,Grupo 6
452647,-1.0788673,-1.0611728,Grupo 1
306086,-1.0497189,-0.18619606,Grupo 6
347719,0.33441794,0.35402742,Grupo 2
460618,-0.41209137,0.28914788,Grupo 6
140939,0.065778255,0.12456618,Grupo 3
360891,-0.07478464,0.9548099,Grupo 3
396489,-0.65006995,0.34194922,Grupo 5
6374,0.84165454,-0.23065245,Grupo 4
447075,-0.6209377,0.224264,Grupo 5
27646,0.39371085,0.12562414,Grupo 4
170155,0.6731932,-0.33773467,Grupo 4
145271,0.6385193,-0.32148695,Grupo 2
300578,-0.10573566,-0.9217559,Grupo 1
322513,-0.5126445,-0.30969644,Grupo 1
153247,0.5268867,-0.33818662,Grupo 3
276787,-0.58112204,0.008983664,Grupo 6
101156,-0.8007732,-0.4680669,Grupo 6
356791,-1.6788154,-1.2309867,Grupo 1
129044,0.20093012,0.30437192,Grupo 3
179866,-0.03452432,0.3508013,Grupo 3
220029,0.20290005,0.36067525,Grupo 3
434634,-0.09486234,0.012616076,Grupo 6
184006,0.34134245,-0.6213262,Grupo 2
189782,0.20198977,0.19351315,Grupo 6
373491,0.54042983,-0.53266656,Grupo 4
348839,-0.57874584,0.06256932,Grupo 6
351879,0.13030112,0.2259205,Grupo 6
81720,0.72429514,0.18185195,Grupo 4
398975,-0.7118461,0.6523129,Grupo 5
134838,0.1484716,0.37247413,Grupo 2
386507,-1.3048453,0.5124495,Grupo 5
323278,0.7842715,-0.74942434,Grupo 4
413144,0.48973918,-0.17642292,Grupo 4
431990,-0.2514583,0.6999103,Grupo 3
237381,0.9992573,0.25866935,Grupo 4
147081,0.05363679,0.0773813,Grupo 2
334476,-0.90591365,0.28143594,Grupo 5
272780,0.1208843,-0.058855712,Grupo 3
315393,-1.1769338,0.16669002,Grupo 5
282806,-2.16529,0.48987702,Grupo 5
163680,0.74067307,0.1042358,Grupo 4
305862,0.8794086,-0.2379755,Grupo 4
359995,0.62187624,0.07503818,Grupo 2
50023,0.857723,-0.4061192,Grupo 4
414657,-0.11639929,-0.6270746,Grupo 6
363294,-0.57367885,-0.38354176,Grupo 1
36229,-1.1311562,0.592397,Grupo 5
11467,0.63044405,-0.26201916,Grupo 4
259417,-0.38778162,-0.46926793,Grupo 6
2099,0.5895231,0.0583155,Grupo 4
303122,0.6986525,-0.30260047,Grupo 4
457239,-0.13983059,0.019613944,Grupo 6
165776,0.65223,-0.08799416,Grupo 4
226130,0.8742435,-0.09300949,Grupo 4
173129,-0.46690905,-0.77449334,Grupo 1
398091,0.876606,0.005594328,Grupo 4
57883,0.3892944,-0.4124563,Grupo 4
86218,-0.43953764,0.37740737,Grupo 6
242456,-0.9321009,-0.3508017,Grupo 1
221527,0.04619515,0.0067262873,Grupo 2
258205,0.33161747,0.55253124,Grupo 3
400632,-0.3911835,0.22069308,Grupo 6
263735,0.545105,0.04979471,Grupo 4
285092,-0.14143062,0.357399,Grupo 6
284028,0.037684083,0.5406655,Grupo 3
116508,0.36336493,0.34797445,Grupo 3
260525,0.086280465,0.108072475,Grupo 3
175457,0.68002367,0.1537249,Grupo 4
164109,-0.8282976,0.26425976,Grupo 5
276944,0.09267342,-0.62529266,Grupo 6
73177,-0.4091468,-0.37890813,Grupo 1
66825,0.27218258,-0.32379186,Grupo 2
120385,0.2554419,-0.14053038,Grupo 2
261860,-0.65995157,-0.00924376,Grupo 5
464812,-1.577369,0.50880086,Grupo 5
267131,0.5957322,-0.33977696,Grupo 4
268032,-0.28131986,-0.0730722,Grupo 6
382404,0.4805498,-0.021689806,Grupo 2
317107,-1.2886435,-1.0993614,Grupo 1
134808,0.33478904,0.25044987,Grupo 4
282674,0.1266973,-0.18407115,Grupo 3
12397,0.34639096,-0.14113677,Grupo 2
402790,-0.13822925,0.122992575,Grupo 3
136301,-0.12239444,-0.19500796,Grupo 6
101883,0.29674459,0.04782393,Grupo 4
171382,0.7679374,0.3314993,Grupo 4
45227,-0.21963072,0.12862422,Grupo 6
280272,-0.29724824,-0.77342355,Grupo 1
395071,-0.8553475,0.3303654,Grupo 5
421599,0.32377148,-0.7612946,Grupo 4
362339,-0.25639355,0.20801473,Grupo 3
353866,0.90820956,-0.16325492,Grupo 4
246080,-0.13208652,-0.04576218,Grupo 3
460765,-0.59999907,-0.09191278,Grupo 5
183001,0.8281779,0.10918562,Grupo 4
456395,-0.43077683,-0.35331216,Grupo 1
238913,0.5526228,0.23062587,Grupo 3
326486,0.61013603,0.24100092,Grupo 2
118998,0.75862837,-0.59045935,Grupo 4
193895,-0.5842254,-0.5492301,Grupo 1
364073,-0.5983919,0.40886143,Grupo 3
315919,-0.15848482,0.37349436,Grupo 3
438769,0.59270406,-0.21918108,Grupo 4
149550,-0.03823173,0.22988221,Grupo 2
214498,0.48690057,0.19786954,Grupo 2
26692,0.32654762,-0.6732199,Grupo 4
403207,0.111801505,0.4931024,Grupo 6
225504,-0.806496,0.3686568,Grupo 5
147432,0.24134207,-0.010213215,Grupo 4
303587,0.7140882,0.5931096,Grupo 4
222415,0.53961396,-0.25501457,Grupo 4
90688,0.014584541,0.19556147,Grupo 2
52815,-1.1442358,0.6257312,Grupo 5
238348,-0.89799786,-0.82884955,Grupo 1
220841,0.49775338,0.034958877,Grupo 2
259542,0.2587092,-0.22877124,Grupo 3
330307,-0.43302345,0.34457475,Grupo 5
45339,0.8285372,-0.15495938,Grupo 4
416012,-0.67567176,-0.055142116,Grupo 6
461274,-0.9467925,-0.35035458,Grupo 1
315213,-0.31827164,0.35505554,Grupo 5
378489,-0.7708841,0.39347064,Grupo 5
342583,0.50353885,0.040895462,Grupo 2
453857,0.5781634,0.12590387,Grupo 2
286596,0.65763044,-0.283479,Grupo 4
260656,0.62406516,0.038147733,Grupo 2
147019,1.0379057,-0.19020043,Grupo 4
157361,0.3253342,0.41420946,Grupo 3
99685,0.35108542,0.13173488,Grupo 2
215905,0.30486453,0.1712657,Grupo 3
386033,0.40322566,0.2039738,Grupo 2
211690,0.86703515,-0.09529118,Grupo 4
307719,0.31283844,-0.6329262,Grupo 6
157388,0.80078816,0.13214946,Grupo 4
235319,0.6039853,0.19368881,Grupo 4
133863,0.9616885,-0.4060585,Grupo 4
120963,0.1949476,-0.051405556,Grupo 4
33919,0.6941669,0.12379816,Grupo 4
233427,-1.762738,0.45849386,Grupo 5
64470,-0.9311689,0.40031606,Grupo 5
15466,-1.2159975,-0.5261889,Grupo 1
103882,-0.03238535,0.41468638,Grupo 2
143298,-0.09693396,-1.1280831,Grupo 6
209547,0.43118405,-0.060622964,Grupo 4
424166,-0.14486456,-0.26216835,Grupo 3
24163,0.16995275,-0.49138984,Grupo 2
31310,-0.1671989,-0.42002276,Grupo 6
83132,-0.18007576,0.4711332,Grupo 6
275109,0.7525394,0.3597394,Grupo 4
392346,0.6350746,-0.34865206,Grupo 4
30513,-0.32451165,-0.25336257,Grupo 6
290813,0.30245924,-0.46538025,Grupo 2
187244,-0.6843927,0.061708376,Grupo 3
426313,0.1523844,-0.4913373,Grupo 6
393741,0.53713346,-0.31475225,Grupo 4
291981,0.45760226,-0.18865573,Grupo 4
118400,0.46930647,0.21038687,Grupo 4
245699,0.75067973,0.14768851,Grupo 2
432203,0.700927,0.52549374,Grupo 4
344504,-1.0800338,-0.7491858,Grupo 1
156897,-0.825102,-0.20051247,Grupo 1
290014,-0.28438342,-0.22989595,Grupo 6
244227,-0.9760018,0.22609651,Grupo 5
219000,0.30142415,-0.12182549,Grupo 2
47037,0.35271835,-0.37355074,Grupo 2
438825,-1.0323166,-0.5088243,Grupo 1
200419,1.1043878,-0.16609347,Grupo 4
450836,0.4460113,0.47502455,Grupo 3
47847,0.046087027,0.7053354,Grupo 3
444707,0.13819277,0.17420775,Grupo 3
321386,0.5643289,0.22136587,Grupo 4
366128,0.23835194,-0.4416669,Grupo 2
193401,0.53955936,-0.5636458,Grupo 4
162873,0.7932553,0.28741437,Grupo 4
155925,0.73642874,-0.17879607,Grupo 4
430580,0.521904,0.054410324,Grupo 3
81094,0.2950896,-0.8056258,Grupo 6
5024,0.5963807,0.1670156,Grupo 2
174008,0.7637358,0.06050791,Grupo 4
237129,0.678262,0.3504459,Grupo 4
152075,0.2580217,0.21841046,Grupo 3
155906,0.77938104,-0.20243168,Grupo 4
318804,0.6885233,0.32719326,Grupo 2
386636,-0.7526752,0.1579779,Grupo 6
333314,-0.74499524,0.19012445,Grupo 5
459174,-0.13720465,-0.08580963,Grupo 6
320473,-0.07772732,0.58169794,Grupo 3
45488,0.013081908,-0.21383771,Grupo 3
126019,-1.2259693,-0.49822086,Grupo 1
66187,-1.4879229,-1.4153013,Grupo 1
318682,0.9892981,0.3461202,Grupo 2
271309,0.6455624,-0.41727126,Grupo 4
165562,0.39197898,0.23892474,Grupo 3
71479,0.023804069,0.46548036,Grupo 3
410460,-0.71892494,0.08814427,Grupo 6
151772,0.25407267,0.6220664,Grupo 3
91048,-0.19922769,0.390289,Grupo 6
72038,0.99396443,-0.09794515,Grupo 4
436824,0.25504827,0.10453345,Grupo 2
241852,-0.2801355,0.08889337,Grupo 3
404264,-0.79068583,0.72718346,Grupo 5
235635,-0.48452914,0.024276435,Grupo 2
33937,-0.009336114,-0.50514007,Grupo 6
47586,-0.96877563,-0.22585624,Grupo 5
219926,0.5617168,0.07076956,Grupo 4
464086,0.62176204,0.06688917,Grupo 4
303942,0.050017238,0.24439764,Grupo 2
369365,0.7682526,-0.16736275,Grupo 4
417136,0.19614351,-0.1560285,Grupo 2
161249,0.05735159,-0.24335085,Grupo 2
145403,-1.0647147,-0.21814801,Grupo 6
285948,-0.67905885,0.20030946,Grupo 5
274326,-0.22555411,-0.26005477,Grupo 6
171800,0.85355306,-0.17685002,Grupo 4
165230,-0.82450867,-0.76391304,Grupo 1
240405,0.4289143,-0.20896468,Grupo 2
203694,-0.05485618,-0.70333815,Grupo 2
184242,-0.7321538,0.41710928,Grupo 5
81230,0.02793312,-0.06307497,Grupo 2
254874,0.09011865,0.014586605,Grupo 6
229009,-0.11590481,0.5099772,Grupo 6
353465,-0.024018645,-0.24931556,Grupo 6
412650,-0.6924315,0.49253133,Grupo 5
276839,0.36329556,-0.0013693348,Grupo 3
265282,0.74602246,-0.2679825,Grupo 2
294952,0.75296116,0.31664258,Grupo 4
188623,-0.50547194,0.20047924,Grupo 6
5126,0.33388066,-0.46082902,Grupo 4
105873,-0.301651,-0.09447815,Grupo 2
245822,-0.6694911,-0.7193999,Grupo 6
233695,-0.7213256,-0.813717,Grupo 6
160480,-0.2260468,0.2146982,Grupo 3
160839,0.4840362,-0.23270883,Grupo 4
35503,-0.09543681,0.68325865,Grupo 3
237152,0.44260097,-0.16229367,Grupo 4
409015,0.004052639,0.03676536,Grupo 3
416891,0.038843155,0.38034955,Grupo 3
36599,0.10036707,-0.06981396,Grupo 3
61115,0.6489847,-0.14873876,Grupo 4
252169,0.37598467,-0.019570652,Grupo 2
432600,-0.006358981,0.23327222,Grupo 6
120990,-0.9570138,0.2793377,Grupo 5
228856,0.7397437,0.1756475,Grupo 4
320298,0.64156055,-0.13887428,Grupo 2
341612,0.4153576,0.19910136,Grupo 3
377731,0.6151812,-0.20580983,Grupo 4
396683,0.06834483,0.7847034,Grupo 3
408589,0.79482937,0.2359815,Grupo 2
239055,0.5690565,-0.24385154,Grupo 4
447740,0.39644384,0.1143513,Grupo 3
381116,0.56630826,-0.20920533,Grupo 2
169814,0.7839291,0.42570296,Grupo 4
448294,0.39196014,-0.04330522,Grupo 3
147844,0.7243972,-0.028296739,Grupo 4
114409,0.9416995,-0.1710166,Grupo 4
170651,0.037094355,0.68444884,Grupo 3
111198,0.9473586,0.055429533,Grupo 4
444653,0.932153,-0.117565766,Grupo 4
432480,-0.510342,-0.48301113,Grupo 1
234869,-0.83248985,0.44374976,Grupo 5
125071,-0.7323916,-0.12005751,Grupo 6
362483,0.4966128,0.1993736,Grupo 4
168100,-0.02424395,0.16704248,Grupo 6
130085,0.33049524,0.2037578,Grupo 3
122627,-0.31405246,-0.4479844,Grupo 1
340261,0.07458353,0.3437028,Grupo 3
417639,-0.49019706,-0.53417146,Grupo 1
356740,-1.0686927,0.85198617,Grupo 5
125004,-0.105740905,-0.09422678,Grupo 3
448551,0.72038054,-0.25829744,Grupo 4
34301,0.65816593,0.2644268,Grupo 4
135254,0.04771197,-0.16987,Grupo 6
197066,0.8726902,-0.20486175,Grupo 4
195314,-0.036421776,-0.26281154,Grupo 6
388073,-0.50628257,0.05273623,Grupo 6
296254,0.3521421,0.053209662,Grupo 4
51124,0.44260502,0.30585915,Grupo 3
169677,-0.32548296,-0.3720731,Grupo 6
234207,-0.40259266,0.39699638,Grupo 6
24870,-0.032661796,0.243556,Grupo 3
54670,0.48779917,0.1644802,Grupo 3
153685,0.51856804,0.09703235,Grupo 3
338275,0.5786326,-0.45113987,Grupo 4
294482,-1.267276,0.09511955,Grupo 5
383030,1.0910444,0.2281405,Grupo 4
226598,-1.1438745,0.2695002,Grupo 5
169963,-0.13635647,0.6280494,Grupo 3
17069,-0.5008949,0.33755833,Grupo 5
204854,0.26518524,0.27151853,Grupo 3
206505,0.6520412,0.053788252,Grupo 4
34021,0.77735424,0.60320306,Grupo 4
93608,-1.012006,0.022813879,Grupo 5
43454,0.24570537,0.12208597,Grupo 2
439319,0.31480145,0.41144705,Grupo 3
78847,0.30345047,-0.23436095,Grupo 3
170564,0.64207435,-0.104491755,Grupo 4
347746,0.107445836,-0.07405004,Grupo 3
322805,-0.62896967,0.28369662,Grupo 5
169302,-0.061157227,0.08585936,Grupo 6
19339,-0.4308865,-0.602124,Grupo 1
235639,-0.44963586,-0.01687647,Grupo 6
126009,-1.0561417,0.33399993,Grupo 5
415277,-0.05258107,-0.19641075,Grupo 3
401205,-0.50286126,-0.22442813,Grupo 6
458458,-0.48276877,0.2462722,Grupo 5
193987,-0.26180422,-0.3507681,Grupo 1
172257,0.021413922,0.011519626,Grupo 3
238881,0.5127971,0.4630927,Grupo 3
139638,-0.7414913,-0.23894022,Grupo 5
22294,-0.41526103,-0.15790361,Grupo 6
206968,-0.24996722,-0.477356,Grupo 6
196438,0.107316494,-0.11235364,Grupo 2
109358,-0.01221323,-0.2081552,Grupo 3
195170,0.17745042,-0.11964517,Grupo 6
120446,-0.644024,0.35092515,Grupo 6
313387,-1.0456915,0.2627962,Grupo 5
81949,-0.17960775,-0.20494825,Grupo 6
307259,-0.261734,0.26138073,Grupo 6
72550,0.8151605,-0.35484242,Grupo 4
65625,-0.2746997,0.21688932,Grupo 6
144224,1.1093693,-0.27481705,Grupo 4
435271,-0.68224114,-0.31304795,Grupo 5
231852,0.30909765,0.42408895,Grupo 4
451354,0.879915,0.36229524,Grupo 4
339255,-0.8306415,-0.8458817,Grupo 1
422829,-0.4392358,-1.21619,Grupo 1
299830,0.057614207,0.2598254,Grupo 2
41983,-0.36550403,-0.84623635,Grupo 6
138602,-0.0062259436,0.6034137,Grupo 3
15409,0.35503888,0.26765978,Grupo 2
170921,0.59506917,-0.0496985,Grupo 4
266051,0.17633629,-0.29441592,Grupo 2
398174,0.49174047,0.052358136,Grupo 4
8261,0.17471492,0.3894106,Grupo 3
67572,0.15103948,0.19458655,Grupo 3
460633,-0.29529476,-0.17008552,Grupo 6
273887,0.49790645,0.1869188,Grupo 4
154968,0.54574275,0.10403861,Grupo 3
293279,-0.8034236,-0.4589406,Grupo 1
37074,-0.25514805,-0.5143822,Grupo 6
2364,0.6650162,0.17969579,Grupo 4
69383,-0.3965093,0.58930075,Grupo 5
67422,-0.5064919,0.33255604,Grupo 5
38051,1.0400577,0.11973329,Grupo 4
329169,0.36767244,0.27578783,Grupo 4
93219,-0.39427114,-0.20948796,Grupo 3
247785,-0.77415603,-0.37938142,Grupo 6
50095,0.5784352,0.15241721,Grupo 4
103015,0.50073624,-0.21177216,Grupo 4
283402,-0.04829395,-0.26261598,Grupo 6
58765,-0.146909,-0.15966791,Grupo 6
387215,-0.29116237,-0.2558133,Grupo 6
108361,0.2072208,-0.041343547,Grupo 3
239982,-0.11023736,-0.7809869,Grupo 1
169013,-0.4718473,0.1380407,Grupo 6
371228,-0.3588202,-0.04063075,Grupo 6
53304,0.75685024,0.16012001,Grupo 4
155870,0.25103998,0.2284621,Grupo 4
380111,0.74698424,0.029547282,Grupo 4
76262,0.65793777,-0.24432002,Grupo 4
382613,0.34748363,0.27996618,Grupo 2
33371,0.28940904,0.11369814,Grupo 2
442291,-0.14051223,0.42068607,Grupo 3
60513,0.94724655,-0.070151806,Grupo 4
187849,-1.0829942,0.08986977,Grupo 5
402840,0.979157,0.29884237,Grupo 4
180581,0.50862503,-0.028651245,Grupo 4
294557,-0.4952867,0.2755121,Grupo 5
138966,0.5899794,-0.32222438,Grupo 4
223242,-0.532925,0.6536077,Grupo 5
233633,-0.23829079,0.30242106,Grupo 3
140136,0.98425865,0.31049076,Grupo 4
396864,-0.27949142,0.2735382,Grupo 6
447950,0.38859963,-0.12035931,Grupo 4
134554,-0.08136308,0.01246009,Grupo 6
431785,0.4959364,-0.23965739,Grupo 2
109882,0.6780665,-0.16893053,Grupo 4
266159,0.59786963,0.2098471,Grupo 4
459701,-0.8947327,0.74806535,Grupo 5
144218,0.35106087,-0.21754172,Grupo 4
25156,0.23762488,-0.3584698,Grupo 4
257746,-0.3724513,0.008642368,Grupo 6
449391,-1.2320038,0.5937557,Grupo 5
455402,0.858557,-0.33789754,Grupo 4
32269,0.21095085,0.14440542,Grupo 3
386562,0.20809317,0.47304365,Grupo 2
286195,-0.52767134,-0.024181679,Grupo 6
267593,-1.7024701,0.75888205,Grupo 5
286171,-0.33393598,-0.042455234,Grupo 6
377620,0.3827865,0.41863406,Grupo 3
455491,-0.7670915,-0.6817454,Grupo 1
264812,0.92109704,0.22209364,Grupo 4
382516,0.05589199,-0.47687614,Grupo 6
26382,0.17462802,-0.19678739,Grupo 2
235710,0.62404084,-0.296421,Grupo 4
126806,0.5594497,-0.15513134,Grupo 3
128988,0.4217348,-0.38524905,Grupo 4
217388,0.22341466,0.6758927,Grupo 3
295667,0.9530778,-0.35190472,Grupo 4
346912,0.02081573,0.030034766,Grupo 3
170699,-0.013909817,0.6234174,Grupo 3
74473,0.8160262,-0.0032081977,Grupo 4
375919,-0.32907176,0.22885567,Grupo 2
163905,-0.21074724,-0.010033414,Grupo 6
437382,-0.7805146,0.5405327,Grupo 5
397087,0.543622,-0.04217284,Grupo 4
365924,0.14016938,0.16745359,Grupo 3
62950,-0.45724416,0.5262644,Grupo 6
5987,-0.03721249,-0.6335219,Grupo 6
337693,0.9017861,-0.5209793,Grupo 4
464196,-0.28738487,-0.010926053,Grupo 3
356696,-1.3360189,0.34835994,Grupo 5
262595,-0.5783192,0.9281235,Grupo 5
407208,-0.629125,-0.6291754,Grupo 1
374301,0.99143124,-0.2284699,Grupo 4
83570,-0.70008487,0.09046674,Grupo 5
45491,-0.48955536,0.27103946,Grupo 6
354677,0.12629962,-0.20159191,Grupo 3
131028,-0.9976404,0.38922283,Grupo 5
457521,0.8269377,-0.41286016,Grupo 4
218815,-0.07566011,-0.25406396,Grupo 3
44208,-2.0149055,-0.7093873,Grupo 1
381501,0.45051146,0.015476316,Grupo 3
107809,0.55761266,-0.03838183,Grupo 3
137603,0.81282926,0.28795466,Grupo 2
66203,0.14605844,-0.13503073,Grupo 2
179570,0.54471254,0.38117355,Grupo 3
270346,0.56410193,0.49459437,Grupo 3
251655,-0.049757957,-0.17212282,Grupo 6
328117,0.26479626,0.15507586,Grupo 2
65808,-0.04349363,-0.39728713,Grupo 2
41469,-0.5562136,-0.107111014,Grupo 6
387010,-0.68039745,0.15207544,Grupo 5
345785,0.6347158,0.18188179,Grupo 2
31686,-0.17549992,0.38203958,Grupo 3
184487,-0.8145229,-0.02351487,Grupo 6
320534,-0.17611289,-0.23474759,Grupo 2
397949,-0.704509,0.29064384,Grupo 5
441087,0.48726463,-0.10146715,Grupo 4
55292,-0.16552556,-0.30970263,Grupo 6
336552,-0.28540337,-0.6430416,Grupo 1
163971,0.3242774,-0.15024546,Grupo 2
11307,-0.27073848,-0.43871668,Grupo 6
21120,0.4192717,0.14639488,Grupo 2
254861,-0.9267715,-0.38940826,Grupo 6
35837,0.3694172,-0.22410087,Grupo 3
454112,-0.23407936,-0.80102646,Grupo 1
111405,-1.3514704,-0.6687763,Grupo 1
87500,0.13035583,-0.522655,Grupo 3
290675,-0.52413034,-0.6324632,Grupo 1
427775,-0.43577814,-0.49624676,Grupo 6
176905,0.1031549,0.7614527,Grupo 3
125009,0.41982388,0.19730714,Grupo 3
352816,0.73424053,-0.23938195,Grupo 4
125878,0.574878,-0.03133901,Grupo 4
97803,-0.62435377,0.12927625,Grupo 5
134303,0.5462668,-0.007308606,Grupo 2
375512,0.30419934,-0.24070622,Grupo 4
415631,0.28314734,0.5476948,Grupo 3
300383,0.8150654,-0.10608083,Grupo 4
356479,-0.6088079,0.6625633,Grupo 5
463788,-0.31738234,-0.8819593,Grupo 1
92242,0.45718408,0.4593083,Grupo 3
91826,0.47274995,-0.31050897,Grupo 4
201641,0.64713097,0.13433412,Grupo 2
161427,-0.5638516,-0.25903213,Grupo 5
290282,-0.9969202,0.41997942,Grupo 5
324194,-0.40590882,-0.10454881,Grupo 6
174149,0.5170677,-0.077206194,Grupo 4
161412,0.4444995,-0.09469994,Grupo 2
406333,0.17183506,0.05432743,Grupo 2
417516,-0.3111961,-0.4220234,Grupo 1
26962,-0.54348266,0.064389974,Grupo 6
227245,-0.5332445,-0.06463239,Grupo 6
31945,0.6380136,-0.12484358,Grupo 4
412297,-0.25565076,0.88813317,Grupo 2
73564,0.6105709,0.31134146,Grupo 3
367701,0.44308615,-0.7305448,Grupo 4
127289,-1.2544814,0.24977237,Grupo 5
79042,0.625901,0.24445862,Grupo 3
349388,0.24511552,0.20650023,Grupo 2
433287,0.87196136,-0.15348437,Grupo 4
214723,-0.7608835,-0.40450034,Grupo 1
97993,-0.0980463,-0.16945216,Grupo 3
157068,0.31506765,0.09462327,Grupo 4
435324,0.7628505,-0.29902673,Grupo 4
301863,0.4089775,0.2706793,Grupo 3
230877,0.8184805,0.14733139,Grupo 4
185273,0.45414948,-0.009313472,Grupo 3
140801,0.48991013,0.45319995,Grupo 3
293254,-0.9773313,-0.34270817,Grupo 6
374716,0.85597944,0.16380064,Grupo 4
332864,0.8592284,-0.27690238,Grupo 4
365842,0.8711617,-0.2551394,Grupo 4
378499,0.8176279,-0.36342767,Grupo 4
114681,-1.583204,-0.78949976,Grupo 1
387983,0.40695667,0.21385953,Grupo 4
209017,-0.18469882,-0.3031845,Grupo 6
328486,-1.6595651,0.6379174,Grupo 5
447756,0.048149347,-0.49294016,Grupo 3
213657,0.029732585,0.0076669008,Grupo 3
324963,-1.1017388,-0.043460507,Grupo 5
321913,0.34444594,-0.35203165,Grupo 2
11001,0.89658,-0.16764942,Grupo 4
288170,-0.6505873,0.9208765,Grupo 5
346220,-0.30333984,0.5224352,Grupo 5
76722,-0.010553598,0.386456,Grupo 2
75493,-0.2657056,-0.39580208,Grupo 1
28983,-0.9703785,0.7699232,Grupo 5
8748,-1.1100415,0.83388627,Grupo 5
121739,0.15737534,-0.5612926,Grupo 4
73105,0.15222871,0.23994464,Grupo 2
228193,-0.055515766,0.6340972,Grupo 2
225954,0.46897483,0.17554967,Grupo 4
108924,-0.37923014,-1.4527633,Grupo 6
162814,0.5084522,-0.3037672,Grupo 4
457531,0.15370393,0.10645816,Grupo 3
30039,0.77561235,0.3652713,Grupo 4
250093,0.3122177,0.39378446,Grupo 3
20740,-1.2599787,-0.3521918,Grupo 6
388338,-0.41523182,0.5514976,Grupo 2
216414,-1.148293,-1.2455521,Grupo 1
50372,0.59099555,-0.07140173,Grupo 4
161516,0.41442156,-0.009085085,Grupo 4
413659,0.37265253,0.19011831,Grupo 3
118448,-0.5825329,-0.2872095,Grupo 6
69150,-0.24370825,0.4384534,Grupo 5
89854,-0.054160595,-0.24248926,Grupo 6
285046,-0.4430039,-0.32403708,Grupo 6
330255,0.45646667,-0.271855,Grupo 4
231313,0.0626024,-0.00080960244,Grupo 3
347266,-0.22303867,-0.40224132,Grupo 6
109786,-1.1630467,0.14117064,Grupo 5
323172,-0.29819822,0.01961644,Grupo 6
21418,0.58107424,0.33571875,Grupo 2
114944,0.50223565,-0.5504481,Grupo 4
308629,0.67991614,0.30376768,Grupo 4
322018,-0.11218524,-0.1489596,Grupo 6
176669,-0.20339298,0.83587027,Grupo 3
65246,0.33204973,-0.3434172,Grupo 2
221022,0.52548814,-0.2661651,Grupo 3
57332,0.7474861,-0.2194942,Grupo 4
130877,-0.6920068,0.4255224,Grupo 5
236399,-0.6321058,0.30483592,Grupo 5
167800,-0.3450191,0.0043703243,Grupo 1
285977,0.7122381,0.2440112,Grupo 4
394325,0.9150841,-0.33550024,Grupo 4
288855,0.80703783,-0.19249327,Grupo 4
13790,0.632545,-0.06375607,Grupo 2
350667,0.0056060553,0.29074728,Grupo 6
422659,-0.44283414,0.5011568,Grupo 5
359236,0.2641759,0.49152324,Grupo 3
260349,-0.06379354,0.42914286,Grupo 6
421561,0.6312032,-0.14587264,Grupo 4
350041,0.80892634,-0.14329824,Grupo 4
47861,0.06852448,-0.2535119,Grupo 6
193146,0.45000148,-0.8657179,Grupo 4
365600,0.33615375,-0.13594162,Grupo 3
58676,-0.54780006,-0.3744734,Grupo 1
123212,-0.8627402,-0.2468908,Grupo 5
246475,0.14536262,0.5521065,Grupo 2
445734,0.5462229,0.16210444,Grupo 2
266078,-0.05645454,-0.6539304,Grupo 6
63987,0.89545035,0.23928988,Grupo 4
47737,0.5917175,-0.64014256,Grupo 4
375234,0.54577994,-0.19416387,Grupo 3
207993,-1.2574569,-1.2983098,Grupo 1
20385,-1.0099373,0.500985,Grupo 5
242976,-1.264271,0.62075937,Grupo 5
376008,-0.5886116,0.4789513,Grupo 5
131416,0.7471354,-0.008876987,Grupo 4
316036,-0.37610233,0.76313746,Grupo 3
103898,0.81655693,-0.09121244,Grupo 4
97565,-0.30148518,0.184697,Grupo 3
147996,0.6076927,0.45485243,Grupo 2
415249,-0.32693803,-0.5637027,Grupo 6
141277,-0.44858003,-0.8844695,Grupo 1
382134,0.34696984,0.32746854,Grupo 2
445677,0.39435148,-0.03745108,Grupo 2
451379,0.68140984,-0.07057664,Grupo 4
140848,-0.90916115,-1.0901943,Grupo 1
123665,0.26264167,0.70689476,Grupo 3
250462,-0.06633079,-0.6364455,Grupo 1
385995,0.05203259,-0.29223293,Grupo 3
35883,-0.46335495,0.35641235,Grupo 5
169413,0.86249566,-0.12709257,Grupo 4
398597,-1.0143135,-0.6791767,Grupo 1
268984,0.83650255,-0.43555805,Grupo 4
31933,-0.78031915,0.098211825,Grupo 5
52039,-1.1614852,-0.4021266,Grupo 5
448476,-0.028516173,-0.36560982,Grupo 6
254678,-0.79368216,0.6707505,Grupo 6
358982,0.34310365,0.20648038,Grupo 4
217398,0.05882573,0.8935853,Grupo 3
85049,0.18560112,0.041253686,Grupo 2
118909,0.3186909,0.3584867,Grupo 3
288484,-0.04767084,-0.27910736,Grupo 6
288359,-1.2044733,-1.3096516,Grupo 1
280481,0.6974025,0.20192498,Grupo 4
233306,-0.5121983,-0.6563275,Grupo 1
420264,-0.30528116,0.19030738,Grupo 3
151486,0.3349347,-0.45232257,Grupo 4
415267,0.027162313,0.5390743,Grupo 6
343837,-0.15411782,-0.49388188,Grupo 1
205387,-0.99296004,-0.042278994,Grupo 5
256039,0.69650865,-0.14476727,Grupo 4
354374,0.7740991,-0.19374315,Grupo 4
40401,0.47363448,-0.34776053,Grupo 2
288669,0.8662214,0.08634272,Grupo 4
345755,-0.071519256,-0.7430016,Grupo 1
266073,0.408947,-0.4160763,Grupo 4
50685,1.0546756,-0.200155,Grupo 4
265941,0.4693334,0.5564085,Grupo 4
202337,0.74886656,-0.16784632,Grupo 4
189614,-1.4231111,-1.0322026,Grupo 1
212371,0.2286712,0.121785775,Grupo 2
253190,0.85381746,-0.49760687,Grupo 4
255860,-0.7533401,0.12309262,Grupo 5
236409,0.11539543,-0.4800248,Grupo 1
387003,0.25372672,0.32944062,Grupo 3
38272,-0.42559612,-0.20547411,Grupo 6
274700,-0.015428305,0.20694941,Grupo 3
119977,0.13401592,0.0023065433,Grupo 3
150552,-0.52460885,0.9102452,Grupo 6
20241,0.68175817,0.34225613,Grupo 2
200488,-0.18044639,0.016594298,Grupo 3
15257,-0.21116579,0.64062977,Grupo 3
123562,-0.039584756,0.38229027,Grupo 3
122080,-0.59303594,0.37713847,Grupo 5
335006,0.5642359,-0.13879016,Grupo 2
210525,-0.28196132,0.17409003,Grupo 2
235233,-0.29102528,0.122764155,Grupo 3
135987,-0.17075181,-0.64099026,Grupo 6
118195,-0.28938782,0.48427108,Grupo 2
274840,0.6216233,-0.20124725,Grupo 4
251430,0.6212082,-0.3585507,Grupo 4
232762,0.5293734,0.60999167,Grupo 2
118893,0.7273047,-0.42988813,Grupo 4
280753,-0.45644963,0.3850579,Grupo 6
91106,0.2804718,-0.4078007,Grupo 4
70727,0.01734531,0.12869269,Grupo 3
357506,0.6113138,0.24953741,Grupo 4
328006,-0.39150167,0.6079961,Grupo 5
461558,0.58247733,0.19295236,Grupo 3
162474,-0.5302533,0.48130146,Grupo 5
296208,0.35610294,0.26824874,Grupo 2
232406,-0.33288026,0.31814608,Grupo 3
394989,1.007932,0.26072395,Grupo 4
407819,0.48942423,0.025276855,Grupo 2
404416,-0.28267288,0.5593649,Grupo 6
13741,0.37604737,0.27092427,Grupo 2
72863,-0.72744113,-0.48079446,Grupo 1
381328,0.06294942,0.29561815,Grupo 2
425393,-0.49479246,-0.7621393,Grupo 1
335470,0.06457627,-0.18262237,Grupo 2
100653,-0.9718099,0.630842,Grupo 5
132280,0.408751,-0.07729536,Grupo 2
66422,0.2626871,0.18397436,Grupo 2
90521,0.23098814,0.30620673,Grupo 6
197071,0.3549316,-0.12188241,Grupo 2
217237,0.048870802,0.45609334,Grupo 3
332434,0.30142772,-0.16415724,Grupo 4
353113,0.3329376,0.16515552,Grupo 4
260881,-0.35809898,-0.063062295,Grupo 6
389072,0.49122787,0.0941093,Grupo 3
441620,-0.59694254,-0.34500742,Grupo 6
212496,0.2407471,0.2681889,Grupo 2
27164,0.75154257,0.07215397,Grupo 4
89034,0.4067397,0.26608923,Grupo 2
356320,-0.732953,0.33296224,Grupo 5
385305,0.067448854,-0.007148396,Grupo 6
203968,-0.58237123,0.11453314,Grupo 5
98777,0.15210092,0.07276839,Grupo 3
430234,0.95043564,-0.039273754,Grupo 4
283230,0.25032437,-0.5730225,Grupo 2
229719,-0.18152976,-0.16647878,Grupo 6
46991,-0.3711747,0.10955614,Grupo 6
160830,-1.1939754,-0.15676072,Grupo 5
253430,-0.43773293,0.52633345,Grupo 6
82668,-0.71685,0.061159045,Grupo 5
356407,-0.1177305,-0.15322742,Grupo 3
24956,0.5205622,0.28410032,Grupo 2
229219,0.16135705,0.072747126,Grupo 3
226171,0.6600628,0.011950925,Grupo 4
411421,-0.49418628,0.26471812,Grupo 5
54762,0.69032574,0.35698232,Grupo 4
26833,1.0765774,0.037100606,Grupo 4
65844,0.06977403,-0.038618863,Grupo 3
147110,0.022667289,-0.21469496,Grupo 2
116435,-0.8244625,-0.14914973,Grupo 5
53862,0.74815536,0.01711519,Grupo 4
168995,0.2676854,-0.23968185,Grupo 2
71888,-0.34817564,0.07546455,Grupo 6
322319,-0.14920497,0.58893,Grupo 6
4378,0.3708763,0.3607096,Grupo 4
46960,0.07579684,-0.19854052,Grupo 6
273724,-0.111135244,0.52696145,Grupo 3
201955,-1.0560546,0.501174,Grupo 5
316504,-0.43422925,0.5206833,Grupo 3
331039,-1.6006455,-0.17349163,Grupo 5
383289,-0.69428873,-0.26228946,Grupo 6
63268,0.45847654,0.29699138,Grupo 2
314582,0.38093996,0.21397707,Grupo 2
126334,-0.38693845,0.19711918,Grupo 2
22824,-0.83825785,-0.28310674,Grupo 1
211581,-0.7306779,0.044880286,Grupo 6
298886,0.6537914,0.19431841,Grupo 4
126170,-0.3091333,0.42540222,Grupo 3
144099,-0.5419136,0.032943323,Grupo 5
257590,-0.63912237,-0.76541495,Grupo 1
252609,0.72159886,-0.16784063,Grupo 4
201506,-0.22006857,-0.23138863,Grupo 6
317987,0.4489255,0.18215576,Grupo 4
249235,0.14860463,-0.1872687,Grupo 3
160668,0.71160746,-0.050561115,Grupo 2
439679,-1.1959839,0.063346505,Grupo 5
160737,0.47681785,-0.18246493,Grupo 4
49745,-0.52513385,0.15231708,Grupo 6
65214,0.04134965,0.5351658,Grupo 3
456998,-0.17838335,0.39299136,Grupo 3
305905,-1.1001241,0.4177151,Grupo 5
220422,-0.8262111,-0.077253334,Grupo 5
226520,0.7153621,0.15555196,Grupo 4
131404,0.24121726,-0.45204517,Grupo 4
264736,-0.38286924,-0.07718292,Grupo 6
403612,-1.1674,-0.27892724,Grupo 1
127622,-0.82470226,0.06092888,Grupo 5
399903,-0.55372727,-0.03315428,Grupo 6
374390,-0.25144458,0.2186633,Grupo 6
335780,-0.35690713,0.5463773,Grupo 5
75710,-0.36640906,0.54983723,Grupo 6
333472,0.6784289,-0.2579211,Grupo 4
127922,0.5930574,0.17874828,Grupo 4
29716,-0.6688496,0.12958762,Grupo 5
71083,-0.1758151,-0.9462621,Grupo 6
41188,0.28504038,-0.15927288,Grupo 3
265328,-1.2646419,0.015673302,Grupo 5
120384,0.30287886,0.25629196,Grupo 2
78822,-0.8818565,0.57635546,Grupo 5
418501,-0.1820612,0.64975214,Grupo 6
82188,0.7346883,-0.1796833,Grupo 4
316541,0.7966621,-0.040483102,Grupo 4
14313,0.6565609,0.08025792,Grupo 4
27436,0.9357853,-0.19972497,Grupo 4
133481,0.48343134,-0.24734533,Grupo 4
443283,-0.08967829,-0.47941414,Grupo 3
18572,0.6530857,0.15744539,Grupo 4
408253,-0.48286605,0.65404236,Grupo 5
331006,0.4486513,0.1584573,Grupo 4
269847,-0.3233937,0.52520883,Grupo 5
392412,-0.6506219,-0.12662339,Grupo 6
30350,-0.5000043,-0.16521004,Grupo 6
191124,0.51463866,-0.55253166,Grupo 4
439975,-0.06563759,0.02805899,Grupo 3
381703,0.76715755,0.19373915,Grupo 4
368750,-0.14088845,0.07981922,Grupo 3
47126,-0.24032927,-0.6801213,Grupo 6
385770,0.6607709,0.1701272,Grupo 4
328253,0.4103763,-0.2697396,Grupo 3
10521,-0.38341415,0.09519258,Grupo 6
27782,0.49886465,-0.40053764,Grupo 4
161418,0.113087654,-0.7476219,Grupo 1
29023,0.10043585,0.082411945,Grupo 2
113395,0.09331119,-0.4173978,Grupo 6
395201,-0.54533124,0.014865257,Grupo 5
413599,-0.8021731,-0.49784237,Grupo 6
392164,0.8245561,-0.04152795,Grupo 4
128022,0.14845419,0.28179336,Grupo 3
450799,1.0196033,0.015058726,Grupo 4
169899,0.56603336,-0.37835622,Grupo 4
456305,-0.76113135,-1.1160508,Grupo 1
319807,0.49261212,-0.054627012,Grupo 2
420156,0.19191396,0.38025126,Grupo 3
325262,0.31237566,-0.1542224,Grupo 4
121486,0.16692603,0.50771236,Grupo 3
198713,-0.7736379,-0.4558791,Grupo 1
44278,0.49695587,0.32769844,Grupo 3
370953,0.8165922,-0.24211708,Grupo 4
445916,-0.22038662,0.17130361,Grupo 6
460582,-0.67345846,0.22175884,Grupo 5
127619,0.5413797,-0.5460614,Grupo 4
300142,0.48612595,-0.24793512,Grupo 4
136142,0.56035614,-0.16052997,Grupo 4
227965,0.49917626,0.083679155,Grupo 3
455257,-0.7324355,-0.557643,Grupo 1
120703,0.48784876,-0.2656014,Grupo 2
154592,-0.22568822,-0.72099733,Grupo 1
311733,-0.36438668,0.62773633,Grupo 5
38873,0.41108608,0.19597808,Grupo 4
398765,-0.5798718,0.053842723,Grupo 6
138861,-0.51587903,-0.15134314,Grupo 6
179869,-0.28432322,0.07897052,Grupo 2
238116,-0.100049615,-0.42208114,Grupo 6
263154,0.41546345,-0.27933013,Grupo 2
100917,0.69364524,0.4386092,Grupo 4
50901,-1.0122743,0.5165864,Grupo 5
460122,0.7424669,0.30609325,Grupo 2
193130,0.5249474,0.23345336,Grupo 3
216163,0.2615316,-0.03751432,Grupo 4
205256,0.6395712,0.15164363,Grupo 3
384689,-0.081297874,0.057219237,Grupo 3
152019,0.75724316,0.120841205,Grupo 4
181824,0.2142098,0.4565346,Grupo 2
289123,-0.9173942,0.8037783,Grupo 5
283111,0.46732593,-0.43526778,Grupo 4
458785,0.7280419,0.3461228,Grupo 2
391594,0.20710957,-0.20108587,Grupo 2
374049,0.41359186,-0.028445575,Grupo 2
316451,0.6661978,-0.32811972,Grupo 4
442386,-0.5198965,0.12281434,Grupo 5
387879,0.6401708,-0.25480178,Grupo 4
212289,-0.763045,0.22483665,Grupo 5
208330,0.54473853,-0.37672505,Grupo 4
294676,-0.822437,0.12845252,Grupo 5
386724,-1.8389635,0.49100342,Grupo 5
208529,-1.7168206,0.96151483,Grupo 5
28474,0.2984829,-0.057105497,Grupo 6
434413,0.29255414,0.38516948,Grupo 3
454064,0.25945866,-0.33211014,Grupo 4
451800,0.29560816,0.115595356,Grupo 2
321722,-0.6272365,-0.08429627,Grupo 6
409633,0.84285784,0.18416443,Grupo 4
162724,0.45528412,-0.13511047,Grupo 2
380663,0.7733638,-0.34164405,Grupo 2
396655,-0.6806741,0.6620996,Grupo 5
446903,0.4602902,0.8311564,Grupo 4
223411,-0.09332466,0.25258276,Grupo 3
29560,0.53057146,-0.339325,Grupo 4
283969,0.5784912,0.44067487,Grupo 4
343700,0.9021194,0.11303879,Grupo 4
462564,-0.73351943,0.49576715,Grupo 5
229329,0.7650113,-0.058618136,Grupo 4
218831,1.168664,-0.19657522,Grupo 4
306259,0.67104745,0.31466413,Grupo 2
436305,0.2440399,0.28515503,Grupo 3
453024,0.22012639,-0.32440948,Grupo 2
45611,0.23450828,0.30218223,Grupo 2
152725,0.3831141,0.092343226,Grupo 2
222184,-1.0147312,0.69446945,Grupo 5
440656,-0.25495338,-0.39525527,Grupo 1
410582,-1.4848694,1.0595388,Grupo 5
459722,0.59434724,0.53961706,Grupo 3
400309,0.5801046,-0.27158344,Grupo 4
29081,0.2341497,-0.88064134,Grupo 1
12173,0.89194226,-0.08948867,Grupo 4
437788,0.8331835,-0.26391256,Grupo 4
245472,0.44376063,0.2184664,Grupo 2
